trial,route,mean,std,count,sem,ci_lower,ci_upper
1,Route A,0.3333333333333333,0.0,500,0.0,0.3333333333333333,0.3333333333333333
2,Route A,0.37689783875466293,0.08236634469768872,500,0.0036835349160442266,0.36967811031921627,0.3841175671901096
3,Route A,0.41518658002473235,0.11354068820143239,500,0.005077693940610223,0.4052342999011363,0.4251388601483284
4,Route A,0.4539425201496639,0.13536099074315297,500,0.006053527536068196,0.44207760617897024,0.4658074341203576
5,Route A,0.48171436261040623,0.1464047555463477,500,0.006547419712617455,0.468881419973676,0.49454730524713647
6,Route A,0.5165294432340557,0.1585820097502685,500,0.007092003076202696,0.5026291172046984,0.530429769263413
7,Route A,0.5394839876055397,0.1583694682807989,500,0.007082497932727261,0.5256022916573942,0.5533656835536852
8,Route A,0.5594031909519601,0.1568093925698748,500,0.0070127292259338095,0.5456582416691298,0.5731481402347904
9,Route A,0.5806022803643063,0.16341446020918432,500,0.007308116830683413,0.5662783713761668,0.5949261893524458
10,Route A,0.5932492632758859,0.16018598561123026,500,0.007163735057390281,0.5792083425634009,0.6072901839883709
11,Route A,0.6124443403005589,0.15864176893228846,500,0.007094675588068224,0.5985387761479453,0.6263499044531726
12,Route A,0.6221855881663014,0.16076595049805817,500,0.007189671875620484,0.6080938312900853,0.6362773450425175
13,Route A,0.6231994765742036,0.16041686466654523,500,0.0071740602826355845,0.6091383184202379,0.6372606347281693
14,Route A,0.6222515498339267,0.15332445152334065,500,0.006856877924381217,0.6088120691021396,0.6356910305657139
15,Route A,0.6309366330282579,0.15255097694871253,500,0.006822287089826493,0.6175649503321979,0.6443083157243178
16,Route A,0.6317414528383692,0.15410193707932368,500,0.006891648135475262,0.6182338224928378,0.6452490831839007
17,Route A,0.6389681664128197,0.15568463631871554,500,0.006962428597219611,0.6253218063622693,0.6526145264633701
18,Route A,0.6480523191289966,0.1537766452106349,500,0.006877100640856941,0.634573201872917,0.6615314363850763
19,Route A,0.6537980311592115,0.152234249191565,500,0.006808122593919635,0.640454110875129,0.667141951443294
20,Route A,0.6517517995344634,0.1548356806371943,500,0.006924462144944288,0.6381798537303726,0.6653237453385542
21,Route A,0.6539521957211347,0.15095129511894181,500,0.006750747143551721,0.6407207313197734,0.6671836601224961
22,Route A,0.6513177033253557,0.14689037672027275,500,0.006569137351741649,0.638442194115942,0.6641932125347693
23,Route A,0.658607835555114,0.1478539276721036,500,0.006612228660303217,0.6456478673809197,0.6715678037293084
24,Route A,0.6637415646219128,0.14728716797444483,500,0.006586882396085772,0.6508312751255847,0.6766518541182409
25,Route A,0.6649448258434489,0.144411162413969,500,0.006458263517347946,0.6522866293494469,0.677603022337451
26,Route A,0.6658259849645114,0.14615836381883315,500,0.006536400739581134,0.6530146395149323,0.6786373304140905
27,Route A,0.671286521894148,0.1472623939455931,500,0.006585774467833992,0.6583784039371934,0.6841946398511025
28,Route A,0.6711571476103242,0.14613437426807693,500,0.006535327894256321,0.6583479049375818,0.6839663902830666
29,Route A,0.6692043950632235,0.14694804864171965,500,0.006571716518476615,0.6563238306870093,0.6820849594394377
30,Route A,0.6774478634519445,0.14034186488014508,500,0.006276278999221895,0.6651463566134697,0.6897493702904194
31,Route A,0.6740987182737058,0.1388400072988197,500,0.006209113886334556,0.6619288550564901,0.6862685814909215
32,Route A,0.6746013972272764,0.1440903608590031,500,0.006443916835664118,0.6619713202293748,0.687231474225178
33,Route A,0.6749130108714506,0.14219227583295738,500,0.006359031892757864,0.6624493083616452,0.687376713381256
34,Route A,0.6733312338993596,0.14386596267990712,500,0.006433881444014402,0.6607208262690913,0.6859416415296278
35,Route A,0.6775859271689356,0.14308531178269787,500,0.006398969674557281,0.6650439466068033,0.6901279077310679
36,Route A,0.6752747909397031,0.1453119202837776,500,0.006498546633911144,0.6625376395372372,0.688011942342169
37,Route A,0.6688627291242066,0.14205532766065093,500,0.0063529073843044325,0.65641103065097,0.6813144275974433
38,Route A,0.6703506034452189,0.1409688826226358,500,0.006304320085128049,0.6579941360783679,0.6827070708120699
39,Route A,0.6716921014802074,0.13284749584334937,500,0.005941120626926998,0.6600475050514305,0.6833366979089843
40,Route A,0.6722584086801546,0.13685838370674,500,0.006120492985180405,0.6602622424292011,0.6842545749311082
41,Route A,0.6730832783951154,0.1365927769890888,500,0.006108614691661432,0.661110393599459,0.6850561631907718
42,Route A,0.6741978119181096,0.1413631708073163,500,0.006321953188801461,0.6618067836680587,0.6865888401681605
43,Route A,0.6760255509070676,0.1437774096220932,500,0.0064299212308766545,0.6634229052945494,0.6886281965195858
44,Route A,0.6708502108304318,0.14588784938191762,500,0.0065243029661843695,0.6580625770167104,0.6836378446441532
45,Route A,0.672169063391231,0.14710634260661432,500,0.006578795639795264,0.6592746239372322,0.6850635028452297
46,Route A,0.6682798343036356,0.14241881273070117,500,0.006369162930813205,0.6557962749592416,0.6807633936480295
47,Route A,0.6692133589678881,0.14407024654620745,500,0.006443017296249483,0.6565850450672391,0.6818416728685371
48,Route A,0.6725244458168104,0.14131634284480823,500,0.006319858978653144,0.6601375222186502,0.6849113694149706
49,Route A,0.6753283773985485,0.14206889114331228,500,0.006353513961689281,0.6628754900336374,0.6877812647634595
50,Route A,0.6777580902560434,0.145029717581634,500,0.0064859261454026,0.6650456750110543,0.6904705055010325
51,Route A,0.6771122747635774,0.14384117188698226,500,0.00643277276605048,0.6645040401421184,0.6897205093850364
52,Route A,0.6766994920951475,0.1392292778943343,500,0.006226522596598806,0.6644955078058138,0.6889034763844811
53,Route A,0.6837989824685872,0.14074071416488154,500,0.006294116081490853,0.6714625149488651,0.6961354499883092
54,Route A,0.6841674342604673,0.1401662317340116,500,0.006268424446144763,0.6718813223460236,0.6964535461749111
55,Route A,0.6816671096439758,0.14008554120709665,500,0.006264815856078321,0.6693880705660623,0.6939461487218893
56,Route A,0.6786525150442222,0.1390459338184331,500,0.006218323200259067,0.6664646015717144,0.69084042851673
57,Route A,0.6846947254559096,0.13862316280529852,500,0.006199416305773358,0.6725438694965938,0.6968455814152253
58,Route A,0.6832453744082776,0.13613259457528185,500,0.006088034708474986,0.6713128263796666,0.6951779224368886
59,Route A,0.6824411473160057,0.13713097034871718,500,0.006132683430404793,0.6704210877924123,0.6944612068395991
60,Route A,0.6833740107047857,0.13915572369790952,500,0.006223233152934081,0.6711764737250349,0.6955715476845364
61,Route A,0.6800282599326148,0.13892418333218462,500,0.006212878352988161,0.667851018360758,0.6922055015044717
62,Route A,0.6808833149887703,0.14250373089007204,500,0.006372960586350753,0.6683923122395228,0.6933743177380178
63,Route A,0.6801536245438927,0.14149780048139465,500,0.006327974010862018,0.6677507954826032,0.6925564536051823
64,Route A,0.6729050361060925,0.13944881786371172,500,0.006236340722504927,0.6606818082899829,0.6851282639222022
65,Route A,0.6673245539771776,0.13989022923699446,500,0.006256081239238963,0.6550626347482692,0.679586473206086
66,Route A,0.6677874592267151,0.14000594567956656,500,0.006261256235873076,0.6555153970044039,0.6800595214490264
67,Route A,0.6703916639101702,0.1399761732386373,500,0.006259924771837598,0.6581222113573686,0.6826611164629719
68,Route A,0.6673321897583516,0.14552299138455593,500,0.006507986020499666,0.6545765371581723,0.6800878423585309
69,Route A,0.6738666832796105,0.14656455911183544,500,0.006554566345327004,0.6610197332427696,0.6867136333164514
70,Route A,0.6800448734538085,0.1454618840962972,500,0.006505253219490322,0.6672945771436074,0.6927951697640096
71,Route A,0.6780531046242401,0.14357805507301372,500,0.006421005824409343,0.6654679332083977,0.6906382760400824
72,Route A,0.6805934688494375,0.14083665254530492,500,0.006298406576296411,0.6682485919598965,0.6929383457389785
73,Route A,0.6789190596526627,0.14204575874293085,500,0.006352479449294569,0.6664681999320454,0.6913699193732801
74,Route A,0.6783053239610526,0.14009697637049345,500,0.006265327252132102,0.6660252825468737,0.6905853653752315
75,Route A,0.68069088931056,0.13589944031735143,500,0.006077607733075468,0.6687787781537321,0.6926030004673879
76,Route A,0.6808557191636141,0.13856105658142845,500,0.006196638831005372,0.6687103070548436,0.6930011312723846
77,Route A,0.6829807385360906,0.1384759221639611,500,0.006192831504111735,0.6708427887880316,0.6951186882841497
78,Route A,0.6818117771104041,0.13558839019880095,500,0.006063697148885703,0.6699269306985881,0.6936966235222201
79,Route A,0.6834422843411647,0.13918273432511102,500,0.006224441104904831,0.6712423797755512,0.6956421889067782
80,Route A,0.6779882377111726,0.13900930272307288,500,0.0062166850078727515,0.665803535095742,0.6901729403266031
81,Route A,0.6771967735954849,0.14091002488928442,500,0.006301687887272545,0.6648454653364307,0.6895480818545391
82,Route A,0.6789033771389578,0.13818034347941266,500,0.00617961282348473,0.6667913360049277,0.6910154182729878
83,Route A,0.6791141320531631,0.136423106484677,500,0.006101026796028603,0.667156119532947,0.6910721445733792
84,Route A,0.6800804769951483,0.13415167263299793,500,0.005999445186053631,0.6683215644304832,0.6918393895598134
85,Route A,0.6761790680722224,0.1382310435294511,500,0.006181880198651702,0.664062582882865,0.6882955532615798
86,Route A,0.6745634687586468,0.14277276830349522,500,0.006384992305248852,0.6620488838403591,0.6870780536769345
87,Route A,0.6733181456798991,0.14562490107841922,500,0.006512543560560555,0.6605535603012004,0.6860827310585979
88,Route A,0.6779711337210397,0.14461799532305397,500,0.006467513366241907,0.6652948075232056,0.6906474599188738
89,Route A,0.6879207948605836,0.14001556422638042,500,0.006261686390363487,0.6756478895354712,0.7001937001856959
90,Route A,0.696456791915851,0.13360029708219676,500,0.0059747869217991745,0.6847462095491246,0.7081673742825774
91,Route A,0.6956930728439459,0.13140924674111804,500,0.005876800171703653,0.6841745445074067,0.7072116011804851
92,Route A,0.6971919788911739,0.12948623138657603,500,0.005790800310613017,0.6858420102823723,0.7085419474999755
93,Route A,0.6925940132429743,0.13534286844930962,500,0.006052717082449357,0.6807306877613736,0.704457338724575
94,Route A,0.6922808736541802,0.1320664148694814,500,0.005906189623856988,0.6807047419914205,0.70385700531694
95,Route A,0.6912816603409366,0.13040617359591244,500,0.005831941376921968,0.6798510552421696,0.7027122654397037
96,Route A,0.6923060624830162,0.1307710754847882,500,0.0058482602854948535,0.6808434723234462,0.7037686526425861
97,Route A,0.6963641282466274,0.1351627979504599,500,0.006044664084925952,0.6845165866401726,0.7082116698530823
98,Route A,0.695427483787891,0.13163808852531633,500,0.005887034287414847,0.6838888965845579,0.7069660709912241
99,Route A,0.6988781702932453,0.12878833769250916,500,0.0057595895557929775,0.687589374763891,0.7101669658225995
100,Route A,0.6978234468132327,0.1344998510241041,500,0.00601501619706983,0.6860340150669758,0.7096128785594896
101,Route A,0.6951840744316311,0.13415540670577963,500,0.005999612178865087,0.6834248345610555,0.7069433143022067
102,Route A,0.4828886103757561,0.17598266465733334,500,0.007870184020706942,0.4674630496951705,0.4983141710563417
103,Route A,0.3677034145036884,0.1719114947128598,500,0.007688115765831003,0.3526347076026596,0.38277212140471717
104,Route A,0.29833595560875587,0.15536392927262432,500,0.006948086142101149,0.2847177067702376,0.3119542044472741
105,Route A,0.2531224128273284,0.13422861805211098,500,0.006002886289807511,0.24135675569930568,0.26488806995535114
106,Route A,0.21602726170504347,0.11244591299833491,500,0.0050287341051260806,0.20617094285899634,0.2258835805510906
107,Route A,0.18760552378310213,0.10155985731543409,500,0.004541894894849798,0.17870340978919652,0.19650763777700775
108,Route A,0.1676133831912041,0.09209157640064643,500,0.004118460499739216,0.15954120061171526,0.17568556577069297
109,Route A,0.15343231455967088,0.08397193879239613,500,0.003755339266844987,0.1460718495966547,0.16079277952268706
110,Route A,0.1405745301083621,0.07602946462339195,500,0.003400141023816397,0.13391025370168197,0.14723880651504223
111,Route A,0.1303694558631714,0.06803780185184036,500,0.003042742999607522,0.12440567958394065,0.13633323214240214
112,Route A,0.1228136942257768,0.06360138504562093,500,0.0028443404085029393,0.11723878702511104,0.12838860142644257
113,Route A,0.1160885512124594,0.05992342169551662,500,0.0026798568871112174,0.11083603171372142,0.12134107071119737
114,Route A,0.1126085686275242,0.05795738282141402,500,0.002591932955733206,0.10752838003428712,0.11768875722076129
115,Route A,0.10850743231895495,0.05515124243753374,500,0.0024664385426779326,0.1036732127753062,0.1133416518626037
116,Route A,0.10470977169107146,0.05339957067507121,500,0.002388101399975271,0.10002909294711992,0.10939045043502299
117,Route A,0.10099319706421679,0.05287829555588446,500,0.0023647892679456535,0.09635821009904331,0.10562818402939027
118,Route A,0.09741883818229766,0.05109615219863223,500,0.00228508939409634,0.09294006296986883,0.10189761339472649
119,Route A,0.0905912954423536,0.046730153827504534,500,0.002089836011146442,0.08649521686050657,0.09468737402420063
120,Route A,0.08760581834371821,0.04470665891094643,500,0.0019993425674354587,0.08368710691154471,0.0915245297758917
121,Route A,0.08512029609072537,0.043724566632114124,500,0.0019554220655225245,0.08128766884230122,0.08895292333914952
122,Route A,0.08315258685529124,0.04234038619195491,500,0.0018935196343760926,0.0794412883719141,0.08686388533866839
123,Route A,0.08044676699230695,0.04023739933933351,500,0.0017994712032110972,0.0769198034340132,0.0839737305506007
124,Route A,0.07861283852578874,0.03974156639172711,500,0.0017772968796844568,0.0751293366416072,0.08209634040997027
125,Route A,0.07643322720181779,0.03910702946166606,500,0.0017489195254874463,0.07300534493186239,0.07986110947177319
126,Route A,0.07467907538218205,0.03867157396406424,500,0.0017294453636111729,0.07128936246950415,0.07806878829485994
127,Route A,0.07274881805443915,0.03893871499304211,500,0.0017413922736186482,0.0693356891981466,0.0761619469107317
128,Route A,0.07130894755578976,0.03869973449889886,500,0.001730704741014632,0.06791676626340108,0.07470112884817844
129,Route A,0.06949516982474323,0.03678571173333739,500,0.0016451070407290803,0.06627076002491424,0.07271957962457222
130,Route A,0.06759463694129313,0.03519190676743307,500,0.0015738299157963046,0.06450993030633237,0.07067934357625388
131,Route A,0.06598559171495001,0.03414876191509301,500,0.0015271790597920774,0.06299232075775754,0.06897886267214248
132,Route A,0.064064329819207,0.032615684217567616,500,0.0014586177408629645,0.06120543904711559,0.0669232205912984
133,Route A,0.0636233945844537,0.03236417501216285,500,0.0014473699072579242,0.060786549566228164,0.06646023960267923
134,Route A,0.06317229574366752,0.033233784500736156,500,0.001486260025864499,0.0602592260929731,0.06608536539436194
135,Route A,0.0629109469310102,0.03220112030756097,500,0.0014400778791871052,0.06008839428780347,0.06573349957421692
136,Route A,0.061842893851367854,0.031109231296570672,500,0.0013912471181379187,0.05911604949981753,0.06456973820291817
137,Route A,0.061039789995781406,0.030821612965457174,500,0.0013783844353390223,0.05833815650251692,0.06374142348904589
138,Route A,0.0603991602410464,0.031464689340432665,500,0.0014071436851224091,0.05764115861820648,0.06315716186388633
139,Route A,0.059059935090519565,0.03111010678979927,500,0.0013912862713853784,0.05633301399860422,0.06178685618243491
140,Route A,0.05768153807368988,0.03117639131189354,500,0.001394250605330556,0.05494880688724199,0.060414269260137765
141,Route A,0.057007334508070565,0.031604559635494814,500,0.0014133988748782475,0.0542370727133092,0.05977759630283193
142,Route A,0.055818298672448585,0.03099444174578441,500,0.0013861135733646238,0.053101516068653924,0.058535081276243246
143,Route A,0.05575792228221365,0.03271117996349683,500,0.00146288844045216,0.052890660938927414,0.058625183625499885
144,Route A,0.05523641204579809,0.03282272268880839,500,0.0014678767827760047,0.05235937355155713,0.05811345054003906
145,Route A,0.05476946940070621,0.03157584865650237,500,0.001412114880863694,0.05200172423421337,0.057537214567199055
146,Route A,0.05366200669756111,0.030024280101187895,500,0.0013427266256350078,0.051030262511316496,0.05629375088380573
147,Route A,0.05271526712879379,0.029130236109956947,500,0.0013027437628496553,0.05016188935360847,0.05526864490397911
148,Route A,0.05280748234447762,0.030736417178201504,500,0.0013745743639050165,0.05011331659122379,0.055501648097731456
149,Route A,0.05264114281167935,0.030869374143138523,500,0.0013805203801386411,0.049935322866607616,0.055346962756751085
150,Route A,0.05177558772364779,0.03021843736812754,500,0.0013514096025790602,0.04912682490259283,0.05442435054470275
151,Route A,0.050630028069972174,0.029951050534206523,500,0.0013394516998403434,0.0480047027382851,0.053255353401659246
152,Route A,0.05068659548960041,0.030215308577848227,500,0.0013512696788240226,0.048038106919105324,0.053335084060095496
153,Route A,0.0495552590839121,0.028462169579681132,500,0.0012728669193458725,0.047060439921994185,0.05205007824583001
154,Route A,0.04964625210946891,0.029104894024700324,500,0.0013016104303431473,0.04709509566599634,0.05219740855294148
155,Route A,0.049326776592992026,0.02792862636952392,500,0.0012490061416089728,0.04687872455543844,0.05177482863054561
156,Route A,0.048182900658123556,0.026923215264590766,500,0.0012040427900896987,0.04582297678954775,0.050542824526699365
157,Route A,0.04803189699264146,0.027425747785031863,500,0.0012265167276219106,0.04562792420650252,0.0504358697787804
158,Route A,0.04672393032280791,0.027272742854334,500,0.0012196741391032493,0.04433336901016554,0.04911449163545028
159,Route A,0.046023979556605074,0.02694667312345118,500,0.0012050918574300683,0.04366199951604214,0.04838595959716801
160,Route A,0.04578510456390359,0.02712890124390294,500,0.0012132413467249115,0.043407151524322764,0.04816305760348442
161,Route A,0.04476175389648628,0.026100024709115367,500,0.0011672285892801227,0.04247398586149724,0.047049521931475324
162,Route A,0.04391009270889076,0.02593570991169509,500,0.0011598802081453057,0.041636727500925966,0.04618345791685556
163,Route A,0.04375371461060231,0.02558158363064072,500,0.0011440431994041704,0.04151138993977014,0.04599603928143448
164,Route A,0.04354747364684365,0.025185286895572895,500,0.0011263202706267128,0.0413398859164153,0.045755061377272005
165,Route A,0.04307704196450469,0.024686392995438722,500,0.0011040090571415126,0.04091318421250732,0.04524089971650205
166,Route A,0.042486926235682496,0.024173853702976356,500,0.0010810876031598028,0.040367994533489285,0.044605857937875706
167,Route A,0.04246215078579385,0.023937416405817875,500,0.0010705138057825491,0.04036394372646006,0.04456035784512764
168,Route A,0.04196093677527338,0.0233513394844681,500,0.0010443036490589113,0.03991410162311791,0.04400777192742884
169,Route A,0.04113874638675869,0.022609579054188787,500,0.0010111311141564306,0.03915692940301209,0.043120563370505294
170,Route A,0.04067627203619534,0.0224492289202619,500,0.0010039600381631963,0.03870851036139547,0.042644033710995205
171,Route A,0.04068080394118721,0.02255721846310022,500,0.0010087894773361083,0.03870357656560844,0.04265803131676599
172,Route A,0.040136155884957087,0.0226161631811299,500,0.0010114255652646869,0.0381537617770383,0.04211854999287587
173,Route A,0.04014039442784067,0.02236440703689975,500,0.0010001666882196497,0.03818006771893016,0.04210072113675118
174,Route A,0.04045745867624627,0.024045829141641308,500,0.0010753621707211077,0.0383497488216329,0.04256516853085964
175,Route A,0.04046293391117702,0.02408009425916544,500,0.0010768945533619271,0.038352220586587646,0.0425736472357664
176,Route A,0.04066191633332711,0.024543335325148043,500,0.0010976113236320585,0.03851059813900827,0.042813234527645946
177,Route A,0.040258885140884694,0.024085475393852127,500,0.0010771352050210374,0.038147700139043464,0.042370070142725924
178,Route A,0.03980514166454124,0.02371544124701934,500,0.0010605867748947524,0.037726391585747525,0.04188389174333495
179,Route A,0.03979323264182701,0.023038326890084372,500,0.0010303053002817997,0.037773834253274685,0.04181263103037934
180,Route A,0.03967312496348203,0.022637451381775756,500,0.0010123776025399427,0.03768886486250374,0.04165738506446032
181,Route A,0.03894288585953474,0.02217152759810329,500,0.0009915408574874317,0.036999465778859375,0.0408863059402101
182,Route A,0.03886851592676864,0.02275827451770921,500,0.0010177809774439806,0.036873665210978436,0.040863366642558845
183,Route A,0.03793337662164078,0.021076445081991507,500,0.0009425672785474827,0.036085944755687716,0.03978080848759384
184,Route A,0.03777526813284222,0.021718113059208687,500,0.0009712635428683308,0.035871591588820285,0.03967894467686415
185,Route A,0.03798385116435144,0.02103167465640884,500,0.0009405650842477939,0.036140343599225765,0.03982735872947712
186,Route A,0.03756151679894839,0.0201944981111991,500,0.0009031254109626458,0.035791390993461604,0.039331642604435176
187,Route A,0.036988254235236405,0.019461615901108554,500,0.0008703499221373909,0.03528236838784712,0.03869414008262569
188,Route A,0.037238446763278914,0.02081055365404917,500,0.0009306762523972117,0.03541432130858038,0.039062572217977445
189,Route A,0.03776857346134429,0.021022098715751534,500,0.0009401368351626291,0.03592590526442554,0.03961124165826304
190,Route A,0.03747675907993014,0.021208392344072787,500,0.0009484681394966572,0.03561776152651669,0.039335756633343585
191,Route A,0.03737641105313772,0.021270923641619,500,0.0009512646241373492,0.03551193238982852,0.039240889716446924
192,Route A,0.03718418004422741,0.020827098469102273,500,0.0009314161590198897,0.035358604372548424,0.0390097557159064
193,Route A,0.036468066603902026,0.018987819720471154,500,0.0008491611127896911,0.03480371082283423,0.03813242238496982
194,Route A,0.03619246315480581,0.018802865602269608,500,0.0008408897131693473,0.034544319316993886,0.03784060699261773
195,Route A,0.03620285305728773,0.019330340516133353,500,0.0008644791084458509,0.03450847400473386,0.0378972321098416
196,Route A,0.03649908696094667,0.020620518727734398,500,0.0009221776321304318,0.034691618801971025,0.038306555119922314
197,Route A,0.03594195327669724,0.01990108168292346,500,0.0008900034293758553,0.03419754655512056,0.03768635999827392
198,Route A,0.03524437193947652,0.01836064086360269,500,0.0008211128216295212,0.03363499080908266,0.03685375306987038
199,Route A,0.03529987797388159,0.018759171862233893,500,0.000838935669711126,0.03365556406124778,0.0369441918865154
200,Route A,0.03549548440600333,0.01907531977606808,500,0.0008530742342366859,0.033823458906899424,0.037167509905107234
1,Route B,0.3333333333333333,0.0,500,0.0,0.3333333333333333,0.3333333333333333
2,Route B,0.3270249937307818,0.055241370875866724,500,0.0024704692089743017,0.32218287408119217,0.33186711338037145
3,Route B,0.32052070993177045,0.07518975308234466,500,0.0033625879820709395,0.3139300374869114,0.3271113823766295
4,Route B,0.30915043881325255,0.09081669957896613,500,0.004061446275014895,0.30119000411422336,0.31711087351228173
5,Route B,0.3032098598737764,0.09962366879033419,500,0.00445530591166223,0.29447746028691846,0.31194225946063436
6,Route B,0.28873723713921096,0.10718687646537085,500,0.004793542841448832,0.27934189316997127,0.29813258110845064
7,Route B,0.28090275043633733,0.11174131241600116,500,0.004997223409144397,0.2711081925544143,0.29069730831826035
8,Route B,0.2726764340506846,0.10962841879188442,500,0.004902731933689379,0.2630670794606534,0.2822857886407158
9,Route B,0.2649167081067438,0.11639781219537021,500,0.005205468410022036,0.2547139900231006,0.275119426190387
10,Route B,0.2589780411903714,0.11446877755466522,500,0.0051191993582706714,0.24894441044816087,0.2690116719325819
11,Route B,0.2483454110651514,0.11302357981964845,500,0.005054568150742147,0.2384384574896968,0.258252364640606
12,Route B,0.2442177725526931,0.11469713935189861,500,0.005129412008312229,0.23416412501640113,0.25427142008898507
13,Route B,0.24580391860889797,0.11526737694764137,500,0.005154913808860366,0.23570028754353164,0.25590754967426427
14,Route B,0.24930588769406645,0.11265523374439047,500,0.005038095213471705,0.2394312210756619,0.259180554312471
15,Route B,0.2450569062817062,0.11227386070336809,500,0.005021039692581468,0.23521566848424652,0.2548981440791659
16,Route B,0.24606274704042608,0.11239710563950597,500,0.0050265513736832065,0.236210706348007,0.25591478773284515
17,Route B,0.24356450715945172,0.11463955327994478,500,0.00512683668088331,0.23351590726492044,0.253613107053983
18,Route B,0.2398801430226839,0.11436472439010671,500,0.005114545959286136,0.22985563294248307,0.24990465310288473
19,Route B,0.23654943353805394,0.11115789340831746,500,0.0049711321179334725,0.22680601458690433,0.24629285248920355
20,Route B,0.24000009919728077,0.11507325086291004,500,0.0051462322264270634,0.22991348403348372,0.2500867143610778
21,Route B,0.23913945742667275,0.11304105632910258,500,0.005055349724005124,0.2292309719676227,0.2490479428857228
22,Route B,0.24178403391848005,0.10902365251191781,500,0.004875685963439278,0.23222768943013908,0.25134037840682105
23,Route B,0.2371157900278928,0.10955800212244336,500,0.004899582804496992,0.22751260773107868,0.2467189723247069
24,Route B,0.2347067643690478,0.10999085078401978,500,0.004918940385122085,0.22506564121420852,0.2443478875238871
25,Route B,0.23436587698018674,0.10835268898491365,500,0.004845679562303192,0.2248683450380725,0.243863408922301
26,Route B,0.23492288700164243,0.108748623407553,500,0.004863386287976266,0.22539064987720894,0.24445512412607592
27,Route B,0.23132716547673138,0.10874484257635315,500,0.00486321720406478,0.2217952597567644,0.24085907119669836
28,Route B,0.23136440880262082,0.10811231676811543,500,0.004834929789969929,0.22188794641427975,0.2408408711909619
29,Route B,0.2332948707184521,0.10810378402073595,500,0.004834548193906422,0.2238191562583955,0.2427705851785087
30,Route B,0.22832067933670605,0.10407876749812743,500,0.004654543982804173,0.21919777313040986,0.23744358554300224
31,Route B,0.2315599097551199,0.10440414666998252,500,0.004669095381738784,0.2224084828069119,0.2407113367033279
32,Route B,0.2320730309677372,0.1088635884109202,500,0.004868527679227517,0.22253071671645128,0.24161534521902314
33,Route B,0.2318540235326078,0.10692869370694172,500,0.004781996557479513,0.22248131027994797,0.24122673678526765
34,Route B,0.2341273206656018,0.10915072843280745,500,0.004881368971387531,0.22455983748168223,0.24369480384952136
35,Route B,0.23088186266368665,0.10832151885144341,500,0.0048442855915570475,0.22138706290423485,0.24037666242313846
36,Route B,0.23291289327728515,0.10886215103342019,500,0.0048684633977515305,0.22337070501769216,0.24245508153687814
37,Route B,0.23894817628868412,0.10869566320519694,500,0.0048610178357248604,0.2294205813306634,0.24847577124670484
38,Route B,0.23781665548944197,0.10746173678415068,500,0.004805834968591011,0.2283972189510036,0.24723609202788036
39,Route B,0.23678734025573436,0.1012638022050519,500,0.004528654907811783,0.22791117663642327,0.24566350387504546
40,Route B,0.23744020534919727,0.10419981794044822,500,0.004659957523158887,0.22830668860380585,0.2465737220945887
41,Route B,0.23764041846785444,0.10339324501964761,500,0.004623886485564473,0.22857760095614807,0.24670323597956081
42,Route B,0.23791280050389205,0.10899338556591669,500,0.004874332384464682,0.22835910903034126,0.24746649197744283
43,Route B,0.23763913320189098,0.1115372409557924,500,0.004988097055998508,0.22786246297213392,0.24741580343164804
44,Route B,0.24171832396860748,0.11257504164577038,500,0.005034508913796247,0.23185068649756685,0.2515859614396481
45,Route B,0.24147317216348768,0.11495969152400888,500,0.005141153698401805,0.23139651091462016,0.2515498334123552
46,Route B,0.24415934720657181,0.11082346643278042,500,0.004956176088917263,0.23444524207229397,0.2538734523408496
47,Route B,0.24393813368495912,0.11222844649365292,500,0.0050190087073801164,0.2341008766184941,0.25377539075142413
48,Route B,0.24127776043469257,0.11034611688185547,500,0.004934828368019319,0.2316054968333747,0.2509500240360104
49,Route B,0.2399927723810321,0.11098852881512468,500,0.004963557903066259,0.23026419889102223,0.24972134587104194
50,Route B,0.2384152891356696,0.11281995688403107,500,0.005045461856225776,0.22852618389746707,0.2483043943738721
51,Route B,0.23816054231558745,0.1111125019436408,500,0.004969102149921167,0.22842110210174196,0.24789998252943293
52,Route B,0.2394499226817918,0.10973770042597858,500,0.004907619156939914,0.22983098913418956,0.24906885622939404
53,Route B,0.23497901811256788,0.1114642247256423,500,0.00498483167091698,0.2252087480375706,0.24474928818756517
54,Route B,0.2349430623524068,0.11193537233764941,500,0.0050059020326746724,0.22513149436836444,0.24475463033644917
55,Route B,0.23636403607089876,0.10970275472111554,500,0.004906056337508007,0.22674816564938308,0.24597990649241444
56,Route B,0.23883156789403504,0.10864498166665669,500,0.004858751288417255,0.22930841536873722,0.24835472041933285
57,Route B,0.23477973871299204,0.11076060755945191,500,0.004953364954642231,0.22507114340189327,0.24448833402409081
58,Route B,0.234847558276764,0.10604978320522472,500,0.00474269048491996,0.2255518849263209,0.24414323162720714
59,Route B,0.2355217190568006,0.10588985240077359,500,0.00473553816191098,0.2262400642594551,0.24480337385414613
60,Route B,0.23539065069983917,0.1089111983820334,500,0.004870656861863836,0.22584416325058604,0.2449371381490923
61,Route B,0.23825143942639915,0.1089588334804939,500,0.004872787168229287,0.22870077657666973,0.24780210227612856
62,Route B,0.2379451895817305,0.11162245875135497,500,0.00499190811167392,0.22816104968284961,0.24772932948061138
63,Route B,0.23881596629853477,0.1118199434903839,500,0.00500073989769367,0.22901451609905518,0.24861741649801436
64,Route B,0.24329256607323518,0.10917343131804937,500,0.004882384275281257,0.23372309289368393,0.25286203925278644
65,Route B,0.24772845827948914,0.1090843004218633,500,0.004878398220425907,0.23816679776745436,0.2572901187915239
66,Route B,0.2484137908317132,0.1093606884004091,500,0.00489075866658975,0.23882790384519728,0.2579996778182291
67,Route B,0.246088119364797,0.10819928094227553,500,0.004838818946070512,0.23660403423049878,0.2555722044990952
68,Route B,0.24848825824096518,0.11270335190490974,500,0.005040247123029171,0.238609373879828,0.25836714260210236
69,Route B,0.24362782428780422,0.1138580665108453,500,0.005091887530098847,0.23364772472881049,0.253607923846798
70,Route B,0.23942932503490066,0.11449868591822872,500,0.005120536900951146,0.22939307270903642,0.2494655773607649
71,Route B,0.2416930000709774,0.11372293793289766,500,0.005085844396378971,0.23172474505407462,0.2516612550878802
72,Route B,0.24031294008645218,0.11259367583518036,500,0.005035342260080774,0.23044366925669385,0.2501822109162105
73,Route B,0.24112533272327094,0.11233326002853054,500,0.005023696111159085,0.23127888834539914,0.25097177710114277
74,Route B,0.24099162287648412,0.1100321732623737,500,0.0049207883825340476,0.23134687764671738,0.25063636810625084
75,Route B,0.23937194471679676,0.1064651587103798,500,0.0047612666422342615,0.2300398620980176,0.24870402733557592
76,Route B,0.23868141493187967,0.10705930013960259,500,0.004787837454714082,0.22929725352064007,0.24806557634311927
77,Route B,0.23816486903549527,0.10844469563890514,500,0.004849794224957338,0.2286592723545789,0.24767046571641166
78,Route B,0.23936730054334557,0.10547671697257598,500,0.004717062183883714,0.2301218586629335,0.24861274242375764
79,Route B,0.23800019966253813,0.10845096480754708,500,0.004850074590702253,0.2284940534647617,0.24750634586031456
80,Route B,0.24174617862551806,0.10878632293413375,500,0.004865072262059349,0.23221063699188174,0.2512817202591544
81,Route B,0.24232050076291362,0.110139536134719,500,0.0049255897961505216,0.2326663447624586,0.2519746567633686
82,Route B,0.24188036813076763,0.10937670745858896,500,0.004891475060650264,0.2322930770118931,0.25146765924964215
83,Route B,0.24138693086202268,0.10826944191110069,500,0.004841956639983718,0.2318966958476546,0.25087716587639075
84,Route B,0.24082298550677383,0.10520591441328292,500,0.00470495152526251,0.2316012805172593,0.25004469049628836
85,Route B,0.2447099519059981,0.11002871038023655,500,0.004920633517736913,0.23506551021123373,0.25435439360076245
86,Route B,0.24594829643158087,0.11296055784196607,500,0.005051749722218661,0.23604686697603228,0.25584972588712945
87,Route B,0.24709727006780163,0.11547214422882224,500,0.005164071280066131,0.236975690358872,0.25721884977673126
88,Route B,0.24358641075315846,0.11242758106138129,500,0.00502791427598233,0.2337316987722331,0.2534411227340838
89,Route B,0.235582908504277,0.10826788427068693,500,0.0048418869801867236,0.22609281002311102,0.24507300698544296
90,Route B,0.23007902662116844,0.10418640318274172,500,0.004659357596956218,0.22094668573113424,0.23921136751120264
91,Route B,0.2312279669396111,0.10447397937506732,500,0.00467221839525123,0.22207041888491869,0.2403855149943035
92,Route B,0.2302692369563544,0.10336925739934577,500,0.004622813726572205,0.22120852205227287,0.23932995186043593
93,Route B,0.23427133227109223,0.10839329899436906,500,0.004847495697137376,0.22477024070470297,0.2437724238374815
94,Route B,0.23478602052977848,0.10622691106342314,500,0.004750611883552772,0.22547482123801504,0.24409721982154192
95,Route B,0.23526230908179338,0.10558613219852665,500,0.0047219553815436984,0.22600727653396774,0.24451734162961902
96,Route B,0.23406837495343294,0.10547053207727003,500,0.004716785586956957,0.2248234752029973,0.24331327470386857
97,Route B,0.2309359902623741,0.10833075016037934,500,0.004844698428243088,0.22144038134301766,0.24043159918173054
98,Route B,0.23184646856049895,0.10642449844343141,500,0.004759448259816663,0.2225179499712583,0.24117498714973962
99,Route B,0.2300878830555785,0.10512917831301834,500,0.004701519782532113,0.22087290428181555,0.23930286182934146
100,Route B,0.23051525846580706,0.11031940267653284,500,0.004933633672437993,0.22084533646782858,0.24018518046378554
101,Route B,0.2328659310878866,0.1105851293225624,500,0.004945517329317095,0.22317271712242512,0.2425591450533481
102,Route B,0.3939584980944789,0.1451946267006613,500,0.006493301105407693,0.38123162792787985,0.406685368261078
103,Route B,0.48182545612914446,0.1447201074044725,500,0.006472079957349423,0.4691401794127396,0.4945107328455493
104,Route B,0.5340864486109786,0.13411301808557727,500,0.005997716502140189,0.5223309242667838,0.5458419729551734
105,Route B,0.5695147104216111,0.12146614105561003,500,0.005432130967298441,0.5588677337257061,0.580161687117516
106,Route B,0.5983770460525969,0.10535897577567746,500,0.004711796637483368,0.5891419246431295,0.6076121674620643
107,Route B,0.6218012616760593,0.10228397768218249,500,0.004574278542128629,0.6128356757334872,0.6307668476186314
108,Route B,0.6386193472269159,0.09846324302240651,500,0.004403410093663656,0.6299886634433352,0.6472500310104967
109,Route B,0.6507683795642988,0.09362219179649006,500,0.004186911701189499,0.6425620326299674,0.6589747264986302
110,Route B,0.663018488270264,0.09117868285160291,500,0.0040776346591015694,0.6550263243384249,0.6710106522021031
111,Route B,0.6696984180970068,0.08960597855074755,500,0.004007301184597192,0.6618441077751963,0.6775527284188173
112,Route B,0.6752708972378271,0.08888996505132854,500,0.003975280087447024,0.667479348266431,0.6830624462092232
113,Route B,0.681155588192578,0.08829195577979265,500,0.003948536299800436,0.6734164570449692,0.6888947193401869
114,Route B,0.682322273337412,0.08531150404120606,500,0.0038152464459776953,0.6748443903032958,0.6898001563715283
115,Route B,0.6863243455941578,0.08522094398971834,500,0.003811196477354247,0.6788544004985435,0.693794290689772
116,Route B,0.6888868291886056,0.08347495129385149,500,0.003733113310230719,0.6815699271005533,0.6962037312766578
117,Route B,0.6908900593792001,0.08528066275062615,500,0.0038138671815326854,0.6834148797033961,0.6983652390550041
118,Route B,0.692025050261927,0.08769351823439142,500,0.003921773359164331,0.6843383744779649,0.699711726045889
119,Route B,0.6997950415742137,0.08434362854510608,500,0.0037719617379169774,0.6924019965678964,0.707188086580531
120,Route B,0.7004359478876019,0.08812600494064951,500,0.0039411147526554925,0.6927113629723971,0.7081605328028067
121,Route B,0.7029816141862122,0.08350643966000082,500,0.003734521512774925,0.6956619520211733,0.7103012763512511
122,Route B,0.7063239438987626,0.08093406985898056,500,0.003619481638007947,0.6992297598882671,0.7134181279092582
123,Route B,0.7078821585135727,0.07972101411385328,500,0.003565232135875922,0.7008943035272559,0.7148700134998895
124,Route B,0.7101925174745083,0.0782637481515371,500,0.003500061220815209,0.7033323974817105,0.7170526374673061
125,Route B,0.7130568570538779,0.07827963835097072,500,0.003500771852137401,0.7061953442236886,0.7199183698840672
126,Route B,0.7135833445933913,0.07982115260573391,500,0.00356971046537611,0.7065867120812541,0.7205799771055286
127,Route B,0.7190807591318946,0.07694196900276315,500,0.003440949460257202,0.7123364981897905,0.7258250200739987
128,Route B,0.7186118160308308,0.07917665130437523,500,0.003540887490947608,0.7116716765485734,0.7255519555130882
129,Route B,0.7182625293704507,0.08210151378074751,500,0.0036716913173877436,0.7110660143883707,0.7254590443525306
130,Route B,0.7188000714371743,0.08096097290747238,500,0.0036206847789125407,0.7117035292705057,0.7258966136038428
131,Route B,0.7200327173124397,0.08132142598946182,500,0.0036368047307930944,0.7129045800400852,0.7271608545847942
132,Route B,0.7227806410795374,0.08070704190320332,500,0.0036093286391697325,0.7157063569467648,0.7298549252123101
133,Route B,0.7240329608112873,0.0779046990899466,500,0.003484004058635732,0.7172043128563613,0.7308616087662133
134,Route B,0.7254075703371952,0.07666260319149847,500,0.0034284558413656577,0.7186877968881185,0.7321273437862719
135,Route B,0.7236909278688637,0.07366716375157722,500,0.0032944957171627018,0.7172337162632247,0.7301481394745026
136,Route B,0.7236683857146611,0.07431815000562927,500,0.0033236087074922684,0.7171541126479762,0.7301826587813459
137,Route B,0.7226224012287792,0.07526682933906595,500,0.0033660349370605402,0.7160249727521405,0.7292198297054179
138,Route B,0.7230949042643116,0.0758223957204659,500,0.0033908806209570173,0.7164487782472359,0.7297410302813873
139,Route B,0.7266654782981277,0.07303307629775346,500,0.003266138464154108,0.7202638469083856,0.7330671096878697
140,Route B,0.7309703444591944,0.07360344081530744,500,0.0032916459408181995,0.7245187184151908,0.737421970503198
141,Route B,0.7318084386623614,0.07618380307104615,500,0.0034070432490263284,0.7251306338942698,0.7384862434304531
142,Route B,0.7330966853088813,0.07899991388475223,500,0.0035329835532587096,0.7261720375444942,0.7400213330732683
143,Route B,0.7333966081832992,0.08077835402597107,500,0.0036125178142523023,0.7263160732673647,0.7404771430992337
144,Route B,0.7342201060915461,0.07868330308061923,500,0.003518824287649664,0.7273232104877527,0.7411170016953395
145,Route B,0.7347654773377742,0.07979659384039868,500,0.003568612164001449,0.7277709974963313,0.741759957179217
146,Route B,0.7367011319228179,0.0756247031118322,500,0.0033820395387259335,0.7300723344269151,0.7433299294187208
147,Route B,0.7392877651344134,0.07516223917305201,500,0.0033613575226408374,0.7326995043900374,0.7458760258787894
148,Route B,0.738814650525401,0.07357590105518792,500,0.003290414325303974,0.7323654384478052,0.7452638626029967
149,Route B,0.7372581166338387,0.07432054081791391,500,0.0033237156278680662,0.7307436340032173,0.74377259926446
150,Route B,0.7383492584893792,0.07290035069810402,500,0.0032602027948906965,0.7319592610113934,0.7447392559673649
151,Route B,0.7401337694011226,0.07265575137826569,500,0.003249263980762522,0.733765211998828,0.7465023268034172
152,Route B,0.7397276749551942,0.0738158861683855,500,0.003301146785837929,0.7332574272549519,0.7461979226554365
153,Route B,0.7389915560430812,0.07648141493513745,500,0.0034203528562067,0.7322876644449161,0.7456954476412463
154,Route B,0.73842816657186,0.0768886185661276,500,0.003438563556198274,0.7316885820017113,0.7451677511420086
155,Route B,0.7402145580372781,0.0751847270939146,500,0.0033623632130352654,0.7336243261397289,0.7468047899348272
156,Route B,0.7385074025823972,0.07652090881413882,500,0.0034221190761695446,0.7318000491931049,0.7452147559716895
157,Route B,0.7418069279241267,0.07470344333278367,500,0.0033408395489081546,0.7352588824082668,0.7483549734399867
158,Route B,0.7406613004600502,0.08118156032563895,500,0.0036305497481525727,0.7335454229536711,0.7477771779664293
159,Route B,0.738398263737486,0.08022530020552834,500,0.0035877844954977844,0.7313662061263103,0.7454303213486616
160,Route B,0.7383072697798022,0.08051045831129473,500,0.003600537153674359,0.7312502169586005,0.7453643226010039
161,Route B,0.7403936375295953,0.07877472512561566,500,0.003522912805794745,0.7334887284302376,0.747298546628953
162,Route B,0.7442807891121396,0.07661499924707192,500,0.0034263269282509604,0.7375651883327677,0.7509963898915114
163,Route B,0.7439774071224711,0.07649164565799714,500,0.0034208103880421646,0.7372726187619084,0.7506821954830337
164,Route B,0.7448865346776824,0.07903882034510912,500,0.0035347235030611475,0.7379584766116826,0.7518145927436822
165,Route B,0.7431159596460218,0.07814431279221273,500,0.003494719909167881,0.7362663086240528,0.7499656106679908
166,Route B,0.7440368690372532,0.07858721824742686,500,0.0035145272432771666,0.73714839564043,0.7509253424340764
167,Route B,0.7425157268606042,0.07833636659623916,500,0.0035033088163906913,0.7356492415804784,0.74938221214073
168,Route B,0.7434565732380476,0.07667986583293547,500,0.0034292278501601445,0.7367352866517337,0.7501778598243615
169,Route B,0.7455858537296,0.07588308216499909,500,0.003393594601262797,0.7389344083111249,0.752237299148075
170,Route B,0.7474660888406075,0.07789912605733075,500,0.0034837548250403346,0.7406379293835285,0.7542942482976865
171,Route B,0.7486409663768127,0.07543556946349389,500,0.0033735812248355933,0.7420287471761349,0.7552531855774904
172,Route B,0.748572150772885,0.07469051957852935,500,0.003340261581047411,0.7420252380740321,0.7551190634717379
173,Route B,0.7481777082614668,0.07612557488284241,500,0.003404439205285724,0.7415050074191067,0.7548504091038268
174,Route B,0.7476053665902049,0.07496924746617324,500,0.0033527266711273446,0.7410340223147953,0.7541767108656146
175,Route B,0.7473786757804566,0.07648186040999018,500,0.0034203727784477595,0.740674745134699,0.7540826064262142
176,Route B,0.7464657687918883,0.07772164871103404,500,0.00347581779682462,0.7396531659101121,0.7532783716736645
177,Route B,0.7461593650927593,0.07605636072998476,500,0.0034013438542698287,0.7394927311383904,0.7528259990471281
178,Route B,0.7450014192579123,0.07542946565126547,500,0.003373308254054301,0.7383897350799659,0.7516131034358587
179,Route B,0.7450114044606521,0.07709142135471565,500,0.0034476331726244623,0.7382540434423082,0.751768765478996
180,Route B,0.7450091914515294,0.07818942769398673,500,0.003496737508911179,0.7381555859340635,0.7518627969689954
181,Route B,0.7451264771658885,0.0805315436837794,500,0.0036014801201984916,0.7380675761302995,0.7521853782014776
182,Route B,0.7438794936404967,0.08044403028454282,500,0.0035975664020057897,0.7368282634925654,0.750930723788428
183,Route B,0.7432250899990774,0.08185997099735287,500,0.0036608891957248453,0.7360497471754568,0.7504004328226981
184,Route B,0.7460234148497773,0.08109638160739989,500,0.003626740440068196,0.7389150035872436,0.753131826112311
185,Route B,0.7469601928473234,0.07830777579990468,500,0.0035020301971079963,0.7400962136609918,0.753824172033655
186,Route B,0.7479764895629409,0.07852738188658231,500,0.0035118512798696746,0.7410932610543963,0.7548597180714856
187,Route B,0.7488282645711295,0.07883081329335734,500,0.0035254211449108216,0.7419184391271043,0.7557380900151547
188,Route B,0.7466340477428007,0.07959163515689875,500,0.0035594461330237547,0.7396575333220742,0.7536105621635273
189,Route B,0.7434405855292497,0.08050169294748845,500,0.0036001451546879915,0.7363843010260612,0.7504968700324383
190,Route B,0.7454168582052034,0.07666052624398888,500,0.003428362957449315,0.7386972668086028,0.752136449601804
191,Route B,0.7462027697628959,0.07727546433099483,500,0.0034558638247392946,0.7394292766664069,0.7529762628593849
192,Route B,0.7440541345516422,0.07626848391446646,500,0.003410830291471925,0.7373689071803572,0.7507393619229271
193,Route B,0.7462615774446102,0.07657314688352815,500,0.003424455233652902,0.7395496451866505,0.7529735097025699
194,Route B,0.7472310541727754,0.07955543338189873,500,0.003557827140427631,0.7402577129775372,0.7542043953680135
195,Route B,0.7491979336703526,0.07712576738120995,500,0.0034491691736244275,0.7424375620900487,0.7559583052506564
196,Route B,0.750679367178865,0.0745038654761795,500,0.003331914155824742,0.7441488154334485,0.7572099189242815
197,Route B,0.7504336477161027,0.07484096381681173,500,0.0033469896519198626,0.7438735479983397,0.7569937474338656
198,Route B,0.7489784206894825,0.07520326445650297,500,0.003363192229092688,0.7423865639204609,0.7555702774585041
199,Route B,0.7484249252306447,0.07422326458413118,500,0.0033193653024413995,0.7419189692378596,0.7549308812234299
200,Route B,0.7481519760148,0.07454997243570213,500,0.0033339761217393107,0.7416173828161909,0.754686569213409
1,Route C,0.3333333333333333,0.0,500,0.0,0.3333333333333333,0.3333333333333333
2,Route C,0.29607716751455526,0.04893022289509333,500,0.0021882260909529046,0.2917882443762876,0.30036609065282294
3,Route C,0.26429271004349725,0.06272799190993714,500,0.002805281080053526,0.2587943591265923,0.2697910609604022
4,Route C,0.2369070410370836,0.0698420555297059,500,0.0031234316770547494,0.2307851149500563,0.2430289671241109
5,Route C,0.21507577751581738,0.07242949842099354,500,0.0032391456409111047,0.20872705205963163,0.22142450297200314
6,Route C,0.19473331962673332,0.07374491078318691,500,0.003297972670117264,0.1882692931933035,0.20119734606016315
7,Route C,0.1796132619581229,0.06898683567467759,500,0.003085185082423733,0.1735662991965724,0.18566022471967342
8,Route C,0.16792037499735535,0.06927186433042637,500,0.003097931951419526,0.16184842837257307,0.17399232162213762
9,Route C,0.15448101152895002,0.06682378053260862,500,0.0029884503156887995,0.14862364891019997,0.16033837414770008
10,Route C,0.14777269553374264,0.06559455513873773,500,0.0029334776848815142,0.14202307927137486,0.15352231179611042
11,Route C,0.13921024863428966,0.06373258480920937,500,0.0028502078403032523,0.1336238412672953,0.14479665600128402
12,Route C,0.13359663928100554,0.06372414070220483,500,0.002849830208357824,0.1280109720726242,0.13918230648938687
13,Route C,0.13099660481689848,0.06321780047123367,500,0.0028271859848339343,0.12545532028662398,0.13653788934717298
14,Route C,0.1284425624720069,0.05943602336607912,500,0.0026580597711763757,0.12323276532050119,0.13365235962351257
15,Route C,0.12400646069003586,0.05926189200442914,500,0.0026502723799430965,0.11881192682534739,0.12920099455472434
16,Route C,0.1221958001212047,0.05976242881130528,500,0.002672657066451411,0.11695739227095994,0.12743420797144947
17,Route C,0.1174673264277285,0.05856315306426757,500,0.002619023824568548,0.11233403973157415,0.12260061312388286
18,Route C,0.11206753784831948,0.05674761970475154,500,0.0025378307044226197,0.10709338966765114,0.11704168602898782
19,Route C,0.10965253530273458,0.05693443387889772,500,0.0025461852882736466,0.10466201213771824,0.11464305846775093
20,Route C,0.10824810126825575,0.05596154768385564,500,0.0025026764949439423,0.10334285533816562,0.11315334719834588
21,Route C,0.10690834685219255,0.05379923471249008,500,0.0024059749190918833,0.10219263601077247,0.11162405769361264
22,Route C,0.10689826275616426,0.05464291815157466,500,0.002443705589517562,0.10210859980070984,0.11168792571161869
23,Route C,0.10427637441699306,0.053457181718892334,500,0.002390677844180046,0.09959064584240017,0.10896210299158594
24,Route C,0.10155167100903935,0.052227806534035116,500,0.002335698514516204,0.09697370192058759,0.10612964009749111
25,Route C,0.10068929717636428,0.05159213205631157,500,0.0023072702876411736,0.09616704741258758,0.10521154694014098
26,Route C,0.09925112803384616,0.05095034909227172,500,0.002278568880953285,0.09478513302717771,0.1037171230405146
27,Route C,0.09738631262912059,0.051879711173918625,500,0.002320131216758749,0.09283885544427345,0.10193376981396773
28,Route C,0.09747844358705497,0.05222675236478965,500,0.002335651370634351,0.09290056690061164,0.1020563202734983
29,Route C,0.09750073421832439,0.052626456142072967,500,0.0023535266669717295,0.0928878219510598,0.10211364648558899
30,Route C,0.09423145721134947,0.050670739110509753,500,0.0022660643424251407,0.0897899711001962,0.09867294332250275
31,Route C,0.09434137197117427,0.05039730322757012,500,0.0022538359179903266,0.08992385357191324,0.09875889037043531
32,Route C,0.09332557180498648,0.05140447226593536,500,0.002298877886682682,0.08881977114708842,0.09783137246288454
33,Route C,0.09323296559594155,0.050883135375351135,500,0.002275562992152188,0.08877286213132325,0.09769306906055984
34,Route C,0.09254144543503874,0.05022084462549445,500,0.002245944449401211,0.08813939431421237,0.09694349655586511
35,Route C,0.09153221016737771,0.05006228920211702,500,0.0022388536353037474,0.08714405704218237,0.09592036329257306
36,Route C,0.09181231578301183,0.05180574888998009,500,0.002316823522865595,0.08727134167819527,0.09635328988782839
37,Route C,0.09218909458710922,0.04886948710455793,500,0.002185509903826818,0.08790549517560865,0.09647269399860979
38,Route C,0.09183274106533913,0.04941952458220626,500,0.0022101083276307018,0.08750092874318295,0.09616455338749531
39,Route C,0.09152055826405829,0.047635629420608616,500,0.002130330110709396,0.08734511124706787,0.09569600528104871
40,Route C,0.09030138597064814,0.04855769189251304,500,0.0021715659980429914,0.08604511661448389,0.0945576553268124
41,Route C,0.08927630313703017,0.04843683520708004,500,0.0021661611227597214,0.08503062733642111,0.09352197893763922
42,Route C,0.08788938757799836,0.04815376305397741,500,0.002153501751222227,0.08366852414560279,0.09211025101039393
43,Route C,0.08633531589104136,0.047055553720376106,500,0.002104388336753082,0.08221071475100532,0.0904599170310774
44,Route C,0.0874314652009607,0.04730785352170343,500,0.002115671526882634,0.08328474900827075,0.09157818139365066
45,Route C,0.0863577644452814,0.046068250596847535,500,0.002060234798780927,0.08231970423967078,0.09039582465089202
46,Route C,0.08756081848979265,0.04594968560519013,500,0.002054932411158974,0.08353315096392105,0.09158848601566424
47,Route C,0.0868485073471528,0.04665523970496604,500,0.002086485749737026,0.08275899527766822,0.09093801941663737
48,Route C,0.08619779374849709,0.04657084526037942,500,0.0020827115154366453,0.08211567917824127,0.09027990831875292
49,Route C,0.0846788502204194,0.04552759899397784,500,0.0020360561240577095,0.0806881802172663,0.08866952022357251
50,Route C,0.08382662060828705,0.046829983321359965,500,0.002094300521834845,0.07972179158549075,0.08793144963108335
51,Route C,0.08472718292083511,0.047695401515973034,500,0.0021330032000772443,0.08054649664868371,0.08890786919298652
52,Route C,0.08385058522306077,0.04617927756072669,500,0.002065200075552311,0.07980279307497824,0.0878983773711433
53,Route C,0.08122199941884498,0.044983837232581994,500,0.002011738358816787,0.07727899223556407,0.08516500660212588
54,Route C,0.08088950338712592,0.04370055112811577,500,0.0019543480595334397,0.07705898119044037,0.08472002558381146
55,Route C,0.08196885428512546,0.04671631507205717,500,0.002089217123188356,0.07787398872367628,0.08606371984657464
56,Route C,0.08251591706174273,0.04656187314178933,500,0.0020823102700952526,0.07843458893235604,0.08659724519112942
57,Route C,0.08052553583109831,0.04563291269306696,500,0.0020407658958602145,0.07652563467521228,0.08452543698698434
58,Route C,0.08190706731495837,0.04802016057202046,500,0.0021475268665898583,0.07769791465644224,0.08611621997347449
59,Route C,0.08203713362719371,0.047109722376525415,500,0.0021068108327010754,0.0779077843950996,0.08616648285928782
60,Route C,0.08123533859537514,0.04570094121398127,500,0.0020438082238036777,0.07722947447671993,0.08524120271403035
61,Route C,0.0817203006409861,0.04502175504260251,500,0.002013434094832063,0.07777396981511525,0.08566663146685694
62,Route C,0.08117149542949922,0.04472422814956912,500,0.0020001282876729236,0.0772512439856603,0.08509174687333815
63,Route C,0.08103040915757247,0.045018186133238665,500,0.002013274488353201,0.0770843911604002,0.08497642715474474
64,Route C,0.08380239782067223,0.04665149418629116,500,0.0020863182450496652,0.07971321406037488,0.08789158158096957
65,Route C,0.08494698774333319,0.04691091985398726,500,0.0020979201136112004,0.08083506432065524,0.08905891116601114
66,Route C,0.0837987499415717,0.0455897823801296,500,0.0020388370496278387,0.07980262932430114,0.08779487055884226
67,Route C,0.08352021672503282,0.04625866251839938,500,0.0020687502787872522,0.0794654661786098,0.08757496727145583
68,Route C,0.08417955200068315,0.04869773953421121,500,0.002177829118981504,0.0799110069274794,0.0884480970738869
69,Route C,0.08250549243258533,0.0475354206748314,500,0.0021258486393594387,0.07833882909944083,0.08667215576572983
70,Route C,0.08052580151129086,0.04501497042195302,500,0.002013130677372587,0.0765800653836406,0.08447153763894114
71,Route C,0.0802538953047825,0.043939424253484065,500,0.0019650307904598664,0.07640243495548116,0.08410535565408384
72,Route C,0.07909359106411036,0.04237480549230325,500,0.00189505891228243,0.0753792755960368,0.08280790653218392
73,Route C,0.07995560762406628,0.04336055780005601,500,0.0019391430956646792,0.07615488715656352,0.08375632809156905
74,Route C,0.08070305316246323,0.04437786238846213,500,0.00198463833993465,0.07681316201619132,0.08459294430873515
75,Route C,0.07993716597264319,0.04291734529284454,500,0.0019193220297726201,0.07617529479428886,0.08369903715099752
76,Route C,0.08046286590450623,0.045628063063859366,500,0.0020405490138487373,0.0764633898373627,0.08446234197164976
77,Route C,0.07885439242841417,0.04384964781359875,500,0.0019610158660126366,0.0750108013310294,0.08269798352579895
78,Route C,0.07882092234625032,0.04367605414358916,500,0.0019532525210805346,0.07499254740493247,0.08264929728756817
79,Route C,0.07855751599629718,0.044130702466196034,500,0.0019735850121846386,0.07468928937241529,0.08242574262017907
80,Route C,0.0802655836633093,0.04397618116840766,500,0.001966674609668113,0.0764109014283598,0.0841202658982588
81,Route C,0.0804827256416014,0.04605654175938187,500,0.0020597111636507124,0.07644569176084601,0.0845197595223568
82,Route C,0.07921625473027458,0.04331047145475649,500,0.0019369031662079944,0.07541992452450691,0.08301258493604224
83,Route C,0.07949893708481427,0.04295576966475671,500,0.001921040419924387,0.07573369786176247,0.08326417630786608
84,Route C,0.07909653749807789,0.04327865281757201,500,0.0019354801934940763,0.0753029963188295,0.08289007867732628
85,Route C,0.07911098002177942,0.042850740813538596,500,0.0019163433869059388,0.07535494698344378,0.08286701306011507
86,Route C,0.07948823480977238,0.04404917041613372,500,0.001969938788058954,0.07562715478517683,0.08334931483436793
87,Route C,0.07958458425229922,0.04391249844681543,500,0.0019638266317786647,0.07573548405401304,0.08343368445058541
88,Route C,0.07844245552580184,0.046089588231979804,500,0.0020611890468336235,0.07440252499400794,0.08248238605759574
89,Route C,0.07649629663513945,0.04565074801056977,500,0.002041563515506946,0.07249483214474584,0.08049776112553306
90,Route C,0.07346418146298059,0.041767631105402055,500,0.0018679052482162735,0.0698030871764767,0.07712527574948448
91,Route C,0.07307896021644301,0.03949386324212418,500,0.001766219258069398,0.06961717047062699,0.07654074996225904
92,Route C,0.07253878415247164,0.038735740062414106,500,0.0017323149587663976,0.0691434468332895,0.07593412147165378
93,Route C,0.07313465448593337,0.04013813187095766,500,0.0017950318270662428,0.06961639210488353,0.07665291686698321
94,Route C,0.07293310581604127,0.038751041706979954,500,0.0017329992691147331,0.0695364272485764,0.07632978438350616
95,Route C,0.07345603057727006,0.0384971831720679,500,0.001721646370300096,0.07008160369148186,0.07683045746305825
96,Route C,0.07362556256355088,0.039608201913103484,500,0.001771332638884732,0.0701537505913368,0.07709737453576496
97,Route C,0.07269988149099853,0.040034016498714804,500,0.0017903756460694884,0.06919074522470232,0.07620901775729473
98,Route C,0.07272604765161005,0.03869752187657547,500,0.0017306057895361594,0.06933406030411918,0.07611803499910091
99,Route C,0.07103394665117628,0.03564094896282377,500,0.0015939116932694914,0.06790987973236808,0.07415801356998449
100,Route C,0.07166129472096021,0.03749226522084871,500,0.0016767050732853777,0.06837495277732086,0.07494763666459955
101,Route C,0.07194999448048227,0.036719849298382,500,0.0016421615830946022,0.06873135777761685,0.07516863118334768
102,Route C,0.12315289152976502,0.05726767437637548,500,0.0025610882563779688,0.11813315854726421,0.12817262451226585
103,Route C,0.15047112936716717,0.06446170619791945,500,0.002882815140083348,0.1448208116926038,0.15612144704173053
104,Route C,0.16757759578026543,0.06805281771658468,500,0.003043414529493707,0.16161250330245777,0.1735426882580731
105,Route C,0.17736287675106055,0.06697660845921147,500,0.0029952849883436855,0.17149211817390692,0.18323363532821418
106,Route C,0.1855956922423596,0.06787051942355643,500,0.0030352619019858402,0.17964657891446736,0.19154480557025186
107,Route C,0.1905932145408386,0.06974476321975033,500,0.003119080632679777,0.18447981650078624,0.19670661258089098
108,Route C,0.19376726958187998,0.07043393631670322,500,0.003149901390540791,0.18759346285642003,0.19994107630733993
109,Route C,0.19579930587603028,0.06742033584741672,500,0.0030151290804137933,0.18988965287841925,0.20170895887364132
110,Route C,0.19640698162137388,0.06830368967192607,500,0.0030546338644095398,0.19041989924713118,0.20239406399561657
111,Route C,0.19993212603982186,0.06966890517917883,500,0.0031156881579726204,0.19382537725019552,0.2060388748294482
112,Route C,0.20191540853639617,0.07231364233389234,500,0.0032339643991837965,0.19557683831399592,0.20825397875879642
113,Route C,0.20275586059496256,0.07364831576958794,500,0.0032936528097833673,0.19630030108778715,0.20921142010213797
114,Route C,0.2050691580350637,0.07099112327746185,500,0.003174819548949447,0.1988465117191228,0.21129180435100461
115,Route C,0.2051682220868873,0.07156678221739556,500,0.0032005637993803918,0.1988951170401017,0.21144132713367286
116,Route C,0.20640339912032296,0.0703824918878161,500,0.003147600725739686,0.20023410169787317,0.21257269654277275
117,Route C,0.2081167435565831,0.07077142301758828,500,0.0031649942546344133,0.20191335481749967,0.21432013229566654
118,Route C,0.21055611155577536,0.07352009912163943,500,0.0032879187869701665,0.20411179073331384,0.21700043237823688
119,Route C,0.20961366298343273,0.07194993324889797,500,0.0032176988344221626,0.2033069732679653,0.21592035269890017
120,Route C,0.21195823376867992,0.07690374030467635,500,0.003439239820904934,0.20521732371970625,0.2186991438176536
121,Route C,0.21189808972306254,0.07491940093451985,500,0.003350497466462953,0.20533111468879514,0.21846506475732994
122,Route C,0.21052346924594614,0.0730120191727791,500,0.00326519676089704,0.20412368359458793,0.21692325489730435
123,Route C,0.21167107449412043,0.07256453762284931,500,0.003245184777610641,0.20531051233000358,0.21803163665823727
124,Route C,0.21119464399970306,0.07015469372971535,500,0.0031374132824064354,0.20504531396618644,0.21734397403321967
125,Route C,0.2105099157443043,0.07032456182960213,500,0.003145010014777547,0.20434569611534031,0.2166741353732683
126,Route C,0.21173758002442664,0.07206349374629889,500,0.003222777414257106,0.2054209362924827,0.21805422375637057
127,Route C,0.20817042281366616,0.06951067208047691,500,0.0031086117586728622,0.20207754376666734,0.21426330186066497
128,Route C,0.21007923641337942,0.07136455544015426,500,0.0031915199429647465,0.2038238573251685,0.21633461550159033
129,Route C,0.21224230080480602,0.07516191539175031,500,0.0033613430427008283,0.2056540684411124,0.21883053316849965
130,Route C,0.21360529162153252,0.07588010400052203,500,0.0033934614136984197,0.2069541072506836,0.22025647599238143
131,Route C,0.21398169097261036,0.07674565010924896,500,0.0034321698124338963,0.20725463814023992,0.2207087438049808
132,Route C,0.2131550291012556,0.07589492810928179,500,0.0033941243679962733,0.2065025453399829,0.2198075128625283
133,Route C,0.21234364460425892,0.0729715084248722,500,0.0032633850651742568,0.20594740987651738,0.21873987933200045
134,Route C,0.21142013391913733,0.07017116543294565,500,0.0031381499193689983,0.20526936007717408,0.21757090776110058
135,Route C,0.21339812520012613,0.06867638213182851,500,0.0030713011779104093,0.20737837489142172,0.21941787550883055
136,Route C,0.21448872043397108,0.07024939243492064,500,0.00314164833725084,0.20833108969295944,0.2206463511749827
137,Route C,0.21633780877543948,0.07018800946743671,500,0.0031389032074917458,0.21018555848875567,0.2224900590621233
138,Route C,0.216505935494642,0.07062793045820084,500,0.003158577072293299,0.21031512443294714,0.22269674655633687
139,Route C,0.21427458661135268,0.06838145106628317,500,0.003058111459685693,0.2082806881503687,0.22026848507233665
140,Route C,0.21134811746711574,0.06833390483225946,500,0.00305598512745867,0.20535838661729675,0.21733784831693473
141,Route C,0.21118422682956797,0.07007649503913346,500,0.003133916130648584,0.20504175121349674,0.2173267024456392
142,Route C,0.21108501601867016,0.07271757031963241,500,0.0032520286078663837,0.20471103994725204,0.2174589920900883
143,Route C,0.2108454695344871,0.0736648909871685,500,0.0032943940760484067,0.20438845714543222,0.21730248192354198
144,Route C,0.21054348186265578,0.07261801633554371,500,0.003247576418349318,0.20417823208269112,0.21690873164262045
145,Route C,0.2104650532615196,0.07364194045986107,500,0.0032933676972648294,0.20401005257488053,0.21692005394815866
146,Route C,0.2096368613796209,0.07061374146404953,500,0.003157942521184205,0.20344729403809986,0.21582642872114194
147,Route C,0.20799696773679271,0.07002729859399778,500,0.0031317159987370898,0.201858804379268,0.21413513109431742
148,Route C,0.2083778671301215,0.06833366275994596,500,0.0030559743016557008,0.20238815749887631,0.21436757676136667
149,Route C,0.21010074055448197,0.06941761710275346,500,0.003104450213556175,0.20401601813591186,0.21618546297305208
150,Route C,0.20987515378697308,0.06931768165142992,500,0.0030999809643057433,0.2037991910969338,0.21595111647701234
151,Route C,0.2092362025289052,0.06947736925042934,500,0.003107122410836272,0.20314624260366612,0.2153261624541443
152,Route C,0.2095857295552054,0.06993606091738278,500,0.0031276357257966837,0.2034555635326439,0.2157158955777669
153,Route C,0.21145318487300668,0.07295776529955415,500,0.0032627704539255676,0.20505815478331257,0.2178482149627008
154,Route C,0.21192558131867112,0.07264447487878291,500,0.0032487596803746875,0.20555801234513674,0.2182931502922055
155,Route C,0.21045866536972993,0.0712527251171002,500,0.0031865187388788537,0.20421308864152737,0.2167042420979325
156,Route C,0.21330969675947917,0.07316846857073184,500,0.003272193390674265,0.2068961977137576,0.21972319580520072
157,Route C,0.2101611750832318,0.07104969528755463,500,0.0031774389688723724,0.20393339470424193,0.21638895546222164
158,Route C,0.21261476921714192,0.07643463614735316,500,0.0034182608452188856,0.20591497796051292,0.21931456047377093
159,Route C,0.21557775670590892,0.07584773164198451,500,0.0033920136778127817,0.20892940989739586,0.22222610351442199
160,Route C,0.21590762565629415,0.07629675230058888,500,0.003412094492131604,0.2092199204517162,0.2225953308608721
161,Route C,0.2148446085739185,0.07475818745722555,500,0.0033432877805805697,0.20829176452398057,0.2213974526238564
162,Route C,0.21180911817896966,0.0727297724219465,500,0.003252574302471238,0.20543407254612603,0.2181841638118133
163,Route C,0.21226887826692667,0.07294641327430249,500,0.0032622627759226674,0.20587484322611824,0.2186629133077351
164,Route C,0.21156599167547396,0.07495982298040785,500,0.0033523051953108563,0.2049954734926647,0.21813650985828323
165,Route C,0.2138069983894735,0.07521751124981799,500,0.0033638293650589636,0.20721389283395794,0.22040010394498907
166,Route C,0.2134762047270643,0.07634330875826767,500,0.0034141765602148312,0.20678441866904324,0.22016799078508537
167,Route C,0.21502212235360188,0.07656137025261026,500,0.0034239285667073353,0.2083112223628555,0.22173302234434825
168,Route C,0.2145824899866791,0.0748405233880772,500,0.0033469699553480697,0.20802242887419686,0.2211425510991613
169,Route C,0.21327539988364128,0.07434632445290901,500,0.003324868707079188,0.20675865721776607,0.21979214254951648
170,Route C,0.21185763912319713,0.07680764388277847,500,0.003434942258269771,0.20512515229698838,0.21859012594940588
171,Route C,0.21067822968200015,0.07483838362003252,500,0.00334687426201199,0.20411835612845664,0.21723810323554366
172,Route C,0.211291693342158,0.07358004483877313,500,0.003290599640939585,0.2048421180459164,0.2177412686383996
173,Route C,0.21168189731069248,0.07482275715497276,500,0.003346175425249557,0.20512339347720335,0.2182404011441816
174,Route C,0.2119371747335488,0.0733886360214114,500,0.0032820395783973114,0.2055043771598901,0.21836997230720753
175,Route C,0.21215839030836642,0.07424240974720062,500,0.0033202215001626708,0.2056507561680476,0.21866602444868524
176,Route C,0.2128723148747846,0.07441195634269564,500,0.0033278038544202813,0.20634981932012086,0.21939481042944836
177,Route C,0.21358174976635613,0.07298927354131471,500,0.0032641795453341297,0.20718395785750124,0.21997954167521103
178,Route C,0.21519343907754646,0.07311830126371582,500,0.003269949840499547,0.20878433739016733,0.22160254076492558
179,Route C,0.2151953628975209,0.07450367118891603,500,0.003331905467034176,0.20866482818213392,0.22172589761290787
180,Route C,0.21531768358498857,0.07591000613505491,500,0.0033947986778081773,0.20866387817648455,0.2219714889934926
181,Route C,0.2159306369745767,0.07887536462506523,500,0.003527413541034561,0.20901690643414897,0.22284436751500444
182,Route C,0.21725199043273466,0.07876692643386968,500,0.0035225640376971537,0.21034776491884824,0.22415621594662108
183,Route C,0.21884153337928183,0.07994717513785342,500,0.0035753463643464272,0.21183385450516284,0.22584921225340082
184,Route C,0.21620131701738055,0.07823617690152473,500,0.0034988281970301633,0.20934361375120142,0.22305902028355967
185,Route C,0.21505595598832516,0.07524898873139552,500,0.0033652370808303204,0.20846009130989773,0.2216518206667526
186,Route C,0.21446199363811067,0.07578046939519499,500,0.0033890056186899674,0.20781954262547833,0.221104444650743
187,Route C,0.21418348119363415,0.07585512094590277,500,0.0033923441375301347,0.2075344866840751,0.2208324757031932
188,Route C,0.21612750549392035,0.07622748707678516,500,0.0034089968571535665,0.20944587165389936,0.22280913933394134
189,Route C,0.21879084100940602,0.07630526149987221,500,0.0034124750350922363,0.21210238994062525,0.2254792920781868
190,Route C,0.21710638271486646,0.0725686033380541,500,0.003245366601922142,0.21074546417509907,0.22346730125463385
191,Route C,0.21642081918396647,0.07307421157389868,500,0.0032679780896287865,0.21001558212829405,0.2228260562396389
192,Route C,0.2187616854041304,0.07200915579497204,500,0.0032203473471986077,0.21244980460362115,0.22507356620463967
193,Route C,0.21727035595148775,0.07309746949755332,500,0.003269018215594932,0.21086308024892167,0.22367763165405383
194,Route C,0.21657648267241886,0.07626091637451585,500,0.0034104918607968846,0.20989191862525697,0.22326104671958075
195,Route C,0.2145992132723597,0.07384966095121125,500,0.0033026572400444024,0.20812600508187268,0.22107242146284672
196,Route C,0.21282154586018837,0.07098207784186812,500,0.0031744150247719734,0.2065996924116353,0.21904339930874142
197,Route C,0.21362439900720015,0.07157842117970414,500,0.0032010843095985828,0.20735027376038692,0.21989852425401338
198,Route C,0.21577720737104092,0.0726788197219711,500,0.0032502956284555947,0.20940662793926795,0.22214778680281388
199,Route C,0.21627519679547366,0.07147915465180221,500,0.003196644975513001,0.21000977264346818,0.22254062094747915
200,Route C,0.21635253957919673,0.07205482620641042,500,0.0032223897900893394,0.21003665559062162,0.22266842356777183
