trial,learning_rate,mean,std,count,sem,ci_lower,ci_upper
1,0.1,0.3333333333333333,0.0,500,0.0,0.3333333333333333,0.3333333333333333
2,0.1,0.33359151956806354,0.017865749779278572,500,0.000798980619509375,0.33202551755382514,0.33515752158230194
3,0.1,0.33170225687659693,0.025656113386405333,500,0.001147376271408893,0.3294533993846355,0.33395111436855834
4,0.1,0.33025457269893227,0.0318705877377355,500,0.0014252960132889565,0.3274609925128859,0.33304815288497863
5,0.1,0.3276692150681931,0.03640611941946712,500,0.0016281311563780731,0.32447807800169204,0.3308603521346941
6,0.1,0.3250883044553422,0.042570658745273604,500,0.0019038177360275535,0.3213568216927282,0.3288197872179562
7,0.1,0.32250492605599723,0.04617215108612679,500,0.0020648813699194048,0.3184577585709552,0.32655209354103926
8,0.1,0.3190083377011161,0.050231584863035646,500,0.0022464247674259434,0.31460534515696126,0.3234113302452709
9,0.1,0.316902508063969,0.052061360854213486,500,0.0023282548374233573,0.31233912858261925,0.3214658875453188
10,0.1,0.3125108657579534,0.05498976602593086,500,0.002459217098015797,0.30769080024584244,0.31733093127006434
11,0.1,0.30950464961467855,0.057385883539873415,500,0.0025663747308808642,0.30447455514215205,0.31453474408720505
12,0.1,0.3062970720536874,0.059134501655962464,500,0.002644575310366119,0.3011137044453698,0.311480439662005
13,0.1,0.30296477500375657,0.06018759787074969,500,0.002691671204828358,0.297689099442293,0.30824045056522015
14,0.1,0.2988748599529129,0.0620525563152964,500,0.0027750746819727324,0.29343571357624637,0.30431400632957945
15,0.1,0.29570507604484325,0.06261300573328289,500,0.002800138741904092,0.2902168041107112,0.3011933479789753
16,0.1,0.29130177017937664,0.0630720837968858,500,0.0028206693370479933,0.2857732582787626,0.2968302820799907
17,0.1,0.2892621981885338,0.06371184061340131,500,0.002849280131663944,0.2836776091304725,0.29484678724659513
18,0.1,0.284920384765488,0.06407880430708902,500,0.002865691246951147,0.27930362992146374,0.2905371396095122
19,0.1,0.282159367168426,0.06543841576037367,500,0.002926494919601782,0.2764234371260065,0.2878952972108455
20,0.1,0.27853421115216126,0.06750778339465735,500,0.0030190398536157066,0.2726168930390745,0.284451529265248
21,0.1,0.27534206501488956,0.06806972141214418,500,0.0030441704857405473,0.2693754908628381,0.28130863916694104
22,0.1,0.2719209459652829,0.06807497888234589,500,0.003044405606955761,0.2659539109756496,0.2778879809549162
23,0.1,0.2688289472024749,0.0692077678061861,500,0.003095065467713072,0.2627626188857573,0.2748952755191925
24,0.1,0.2658774633337859,0.0696108572237905,500,0.003113092174488557,0.25977580267178835,0.2719791239957835
25,0.1,0.26310824766087115,0.07014827454064759,500,0.003137126207544117,0.25695948029408466,0.26925701502765764
26,0.1,0.25979825657127814,0.06943219370441431,500,0.0031051020990000666,0.253712256457238,0.2658842566853183
27,0.1,0.2570301624279414,0.0708836453927363,500,0.0031700129918229626,0.2508169369639684,0.2632433878919144
28,0.1,0.25298143149825586,0.06878951663202802,500,0.0030763607065713407,0.24695176451337603,0.2590110984831357
29,0.1,0.25052411672413627,0.0688859439764339,500,0.0030806730685109672,0.24448599750985478,0.25656223593841776
30,0.1,0.24674610843024944,0.06676979860154712,500,0.002986036170340595,0.24089347753638188,0.252598739324117
31,0.1,0.24424894421485002,0.06671267673615969,500,0.002983481602860437,0.23840132027324357,0.2500965681564565
32,0.1,0.24108043157321907,0.06612075828456336,500,0.002957010204962321,0.23528469157149293,0.2468761715749452
33,0.1,0.23975898666331275,0.06647011726805539,500,0.0029726340136750893,0.23393262399650958,0.24558534933011592
34,0.1,0.23892356730625494,0.06779838372461695,500,0.003032035895457178,0.23298077695115887,0.244866357661351
35,0.1,0.23736488635717654,0.0669218071583871,500,0.0029928341996657113,0.23149893132583174,0.24323084138852133
36,0.1,0.2372883306370518,0.06619359660211205,500,0.0029602676335504325,0.23148620607529294,0.24309045519881065
37,0.1,0.2347299625004622,0.06545517234978554,500,0.002927244297061702,0.22899256367822127,0.24046736132270316
38,0.1,0.2334441039714065,0.0665100097541024,500,0.002974418059886941,0.2276142445740281,0.2392739633687849
39,0.1,0.2321828227169791,0.06790032671590003,500,0.0030365949246239504,0.22623109666471616,0.23813454876924203
40,0.1,0.2302255205277021,0.0683058185688364,500,0.0030547290715737118,0.2242382515474176,0.23621278950798658
41,0.1,0.22805762754771514,0.06937317316025339,500,0.0031024626200238095,0.22197680081246846,0.23413845428296182
42,0.1,0.22669291851716752,0.06947294542792588,500,0.0031069245714795096,0.2206033463570677,0.23278249067726736
43,0.1,0.2231589712521395,0.06696516312218266,500,0.0029947731373112497,0.21728921590300943,0.22902872660126955
44,0.1,0.2225983938153685,0.06482992902342925,500,0.0028992825654574872,0.21691579998707183,0.22828098764366517
45,0.1,0.22246930880948773,0.06407461684056225,500,0.0028655039777549995,0.21685292101308792,0.22808569660588754
46,0.1,0.22032327311045571,0.06178519055311465,500,0.0027631177215908433,0.21490756237613767,0.22573898384477376
47,0.1,0.2189852547301869,0.06075768221024919,500,0.002717166151548937,0.21365960907315099,0.22431090038722282
48,0.1,0.21898269027520562,0.05971098510027209,500,0.0026703564337537096,0.21374879166504834,0.2242165888853629
49,0.1,0.21759355897174373,0.05963327284968895,500,0.002666881036253942,0.21236647214068602,0.22282064580280145
50,0.1,0.21736346642232768,0.058925420274686696,500,0.0026352249067388756,0.21219842560511948,0.22252850723953588
51,0.1,0.2163961288913849,0.05852832922772426,500,0.002617466455253584,0.21126589463908788,0.22152636314368193
52,0.1,0.21734831591648782,0.05899163409196899,500,0.0026381860786687346,0.2121774712022971,0.22251916063067853
53,0.1,0.21732042508543606,0.05855506876874307,500,0.0026186622838816885,0.21218784700902796,0.22245300316184416
54,0.1,0.21801895503865795,0.05860527399326339,500,0.0026209075297787495,0.2128819762802916,0.2231559337970243
55,0.1,0.21865086542931342,0.05861038862337736,500,0.0026211362629910417,0.21351343835385098,0.22378829250477586
56,0.1,0.21635021038655136,0.057143399768878764,500,0.0025555305269731737,0.21134137055368393,0.2213590502194188
57,0.1,0.2165264169507627,0.056509397876331885,500,0.002527177100381207,0.2115731498340155,0.22147968406750987
58,0.1,0.2181322497518153,0.05663850667661584,500,0.002532951021459774,0.21316766574975415,0.22309683375387646
59,0.1,0.21796684139526795,0.05814999095035542,500,0.002600546653119846,0.21286976995515305,0.22306391283538285
60,0.1,0.21817691131453626,0.05703011495033144,500,0.0025504642758713628,0.2131780013338284,0.22317582129524413
61,0.1,0.21862254389006086,0.058083714002270026,500,0.002597582657894643,0.21353128188058737,0.22371380589953435
62,0.1,0.21770639285606935,0.05732969931857742,500,0.0025638620961192494,0.21268122314767562,0.22273156256446308
63,0.1,0.21685869276894845,0.05946805920829876,500,0.0026594924575947666,0.2116460875520627,0.2220712979858342
64,0.1,0.21617138691094254,0.0590017303425606,500,0.002638637596721549,0.2109996572213683,0.22134311660051678
65,0.1,0.2168285085317158,0.05893371138899954,500,0.0026355956966431305,0.21166274096629528,0.22199427609713634
66,0.1,0.21538358127659732,0.058884210946554556,500,0.0026333819695586644,0.21022215261626234,0.2205450099369323
67,0.1,0.21562833470266052,0.059481699198836294,500,0.0026601024565158543,0.21041453388788944,0.2208421355174316
68,0.1,0.21581607007932266,0.060384825469185964,500,0.002700491491171209,0.21052310675662708,0.22110903340201823
69,0.1,0.21605907994734103,0.059108990382925365,500,0.0026434344115520486,0.21087794850069902,0.22124021139398303
70,0.1,0.21584795715733082,0.058102349821522827,500,0.0025984160770679563,0.21075506164627764,0.220940852668384
71,0.1,0.21558232660892576,0.05718874587298568,500,0.002557558466399131,0.21056951201478347,0.22059514120306806
72,0.1,0.21410929819806243,0.056658247335318795,500,0.0025338338505553827,0.20914298385097388,0.21907561254515098
73,0.1,0.2155575048116628,0.05807641358426638,500,0.0025972561732762367,0.2104668827120414,0.22064812691128421
74,0.1,0.21555442503912375,0.05762547021866056,500,0.0025770893728862933,0.21050332986826661,0.2206055202099809
75,0.1,0.21530458089159452,0.05950671839794079,500,0.0026612213491146596,0.21008858704732977,0.22052057473585926
76,0.1,0.2140850845823832,0.058653549791259335,500,0.0026230664890984894,0.20894387426375016,0.21922629490101625
77,0.1,0.21497632333446362,0.058613184777597756,500,0.0026212613108092895,0.20983865116527742,0.22011399550364982
78,0.1,0.21581095814744936,0.058550419974450915,500,0.002618454383480675,0.21067878755582722,0.2209431287390715
79,0.1,0.21585500337515248,0.057549561891023476,500,0.0025736946492731965,0.21081056186257702,0.22089944488772795
80,0.1,0.21638073580300296,0.05844797806618253,500,0.0026138730420680167,0.21125754464054966,0.22150392696545626
81,0.1,0.2156296858951228,0.05797813281235732,500,0.0025928609235388407,0.21054767848498668,0.22071169330525892
82,0.1,0.21511298421537212,0.056828903640636294,500,0.0025414658325449606,0.21013171118358398,0.22009425724716025
83,0.1,0.2155866723915053,0.056653326229042816,500,0.002533613771992231,0.21062078939840054,0.22055255538461008
84,0.1,0.21432188600004543,0.05747593515493763,500,0.002570401961536209,0.20928389815543447,0.21935987384465638
85,0.1,0.2137290410314179,0.056716214776304175,500,0.002536426233325883,0.20875764561409918,0.21870043644873663
86,0.1,0.2128716656534721,0.05477628992414187,500,0.0024496701565123605,0.20807031214670788,0.21767301916023632
87,0.1,0.21383957130699138,0.054322357573396575,500,0.002429369684643305,0.2090780067250905,0.21860113588889227
88,0.1,0.21430426382424644,0.05428784042619778,500,0.002427826030892788,0.20954572480369657,0.21906280284479632
89,0.1,0.21336156321597644,0.054781326257081826,500,0.0024498953881685816,0.208559768255166,0.21816335817678686
90,0.1,0.21345516779719853,0.05397730762967608,500,0.002413938582047475,0.20872384817638548,0.21818648741801158
91,0.1,0.21483911959649102,0.055749747324413367,500,0.002493204494916506,0.20995243878645467,0.21972580040652737
92,0.1,0.2151363319414168,0.05602451544214835,500,0.0025054924987026076,0.2102255666439597,0.2200470972388739
93,0.1,0.21464190890811882,0.05686059592296485,500,0.002542883154497936,0.20965785792530287,0.21962595989093478
94,0.1,0.21308396659687165,0.05702359426523041,500,0.0025501726619684474,0.2080856281794135,0.2180823050143298
95,0.1,0.214245269323574,0.05842775289795544,500,0.0026129685450477736,0.20912385097528036,0.21936668767186762
96,0.1,0.21398073446326393,0.05857895357353373,500,0.002619730444824513,0.20884606279140788,0.21911540613511998
97,0.1,0.21348682028303317,0.059384737654834256,500,0.0026557662044440168,0.2082815185223229,0.21869212204374344
98,0.1,0.21282435849285736,0.059748460102944906,500,0.0026720323668223776,0.2075871750538855,0.21806154193182922
99,0.1,0.212236588880884,0.0578691881649768,500,0.0025879887707922888,0.2071641308901311,0.2173090468716369
100,0.1,0.21192517007113773,0.05517038974131786,500,0.0024672948361348754,0.20708927219231338,0.21676106794996208
101,0.1,0.21243302506514633,0.05477161454873984,500,0.002449461067367975,0.2076320813731051,0.21723396875718756
102,0.1,0.2626374023603594,0.06485887026651697,500,0.002900576857195437,0.2569522717202563,0.26832253300046244
103,0.1,0.30887260329731114,0.07350013266330717,500,0.00328702585980815,0.3024300326120872,0.3153151739825351
104,0.1,0.3514590457166019,0.0760024531320773,500,0.003398933033201333,0.3447971369715273,0.3581209544616765
105,0.1,0.3848108121691976,0.07731027681218956,500,0.003457420686227632,0.37803426762419146,0.39158735671420375
106,0.1,0.41349298243707655,0.07918095309167908,500,0.003541079872724331,0.4065524658865369,0.4204334989876162
107,0.1,0.43926622482196953,0.07484414847845651,500,0.003347132074318324,0.4327058459563056,0.44582660368763344
108,0.1,0.459739664093156,0.0740585676503289,500,0.0033119998316480455,0.45324814442312583,0.4662311837631861
109,0.1,0.4793993372407897,0.07226498831132343,500,0.0032317885251469383,0.4730650317315017,0.4857336427500777
110,0.1,0.4957512998487396,0.06990700687045949,500,0.003126336389317845,0.4896236805256766,0.5018789191718026
111,0.1,0.5114828234488895,0.06942842688985748,500,0.0031049336419319124,0.5053971535107029,0.5175684933870761
112,0.1,0.5253118139567627,0.0665362432621491,500,0.002975591258032555,0.5194796550910189,0.5311439728225066
113,0.1,0.5384452355924637,0.06577157935552477,500,0.002941394448529504,0.5326801024733459,0.5442103687115816
114,0.1,0.5492177577548939,0.06370656773896792,500,0.002849044321550547,0.5436336308846548,0.554801884625133
115,0.1,0.5596107566666937,0.06141499020751652,500,0.002746561858829817,0.5542274954233872,0.5649940179100001
116,0.1,0.5669625734245223,0.060442018238632995,500,0.0027030492295773093,0.5616645969345507,0.5722605499144938
117,0.1,0.5744870516137739,0.05912517894921987,500,0.0026441583862459044,0.5693045011767319,0.5796696020508159
118,0.1,0.5809724815396037,0.05875173603261399,500,0.0026274575113009735,0.5758226648174538,0.5861222982617535
119,0.1,0.5874665207349635,0.05745012906008921,500,0.002569247877889911,0.5824307948942993,0.5925022465756278
120,0.1,0.5938733194583743,0.05762015079238948,500,0.002576851480911425,0.588822690555788,0.5989239483609606
121,0.1,0.6001376406206952,0.055994601961030004,500,0.002504154727158122,0.5952294973554653,0.6050457838859251
122,0.1,0.6059404771180639,0.055810197299380894,500,0.0024959078999818173,0.6010484976340995,0.6108324566020282
123,0.1,0.6113266752556089,0.053939889154636746,500,0.0024122651769714286,0.6065986355087449,0.6160547150024729
124,0.1,0.6146560738857588,0.05390151185460667,500,0.0024105488919382253,0.6099313980575599,0.6193807497139577
125,0.1,0.6184845176143928,0.05274895196897703,500,0.0023590048468900802,0.6138608681144883,0.6231081671142974
126,0.1,0.623249272986506,0.052315673239786246,500,0.002339628033056574,0.6186636020417151,0.6278349439312969
127,0.1,0.6276970753395608,0.051947607924308845,500,0.0023231676517452265,0.6231436667421402,0.6322504839369814
128,0.1,0.6320912991185883,0.050861081515247285,500,0.0022745767135450186,0.6276331287600401,0.6365494694771365
129,0.1,0.6348216031016545,0.04984941597831418,500,0.002229333655323494,0.6304521091372204,0.6391910970660886
130,0.1,0.6369099943633553,0.050438812438224075,500,0.0022556922663246187,0.632488837521359,0.6413311512053516
131,0.1,0.6387824251094525,0.05090402699353537,500,0.0022764972937205866,0.6343204904137602,0.6432443598051448
132,0.1,0.64096370016727,0.05024711385358753,500,0.0022471192449958627,0.6365593464470781,0.6453680538874619
133,0.1,0.6443127006576073,0.05000976930627008,500,0.002236504874158048,0.6399291511042575,0.648696250210957
134,0.1,0.6459703728125031,0.04983929588961953,500,0.0022288810711983023,0.6416017659129545,0.6503389797120518
135,0.1,0.6484779079941663,0.04913569026517737,500,0.0021974148710862253,0.6441709748468373,0.6527848411414953
136,0.1,0.6503634308486473,0.05043652484709235,500,0.0022555899621391137,0.6459424745228547,0.65478438717444
137,0.1,0.6526706282471793,0.048587052675467285,500,0.0021728790521741573,0.6484117853049179,0.6569294711894406
138,0.1,0.6543241922458707,0.048188890245933216,500,0.0021550726870036645,0.6501002497793436,0.6585481347123978
139,0.1,0.6565365553455845,0.049266715107389794,500,0.0022032744801647884,0.6522181373644615,0.6608549733267075
140,0.1,0.6588474993798645,0.04897540569453359,500,0.002190246727172148,0.6545546157946072,0.6631403829651219
141,0.1,0.659825742284485,0.04905016194376556,500,0.0021935899282726603,0.6555263060250706,0.6641251785438994
142,0.1,0.6616885206266204,0.04890169022175272,500,0.002186950071009517,0.6574020984874418,0.665974942765799
143,0.1,0.6638881186298594,0.048261920406060796,500,0.002158338695052724,0.659657774787556,0.6681184624721628
144,0.1,0.6659380483818441,0.04794761777956309,500,0.0021442826542856118,0.6617352543794444,0.6701408423842439
145,0.1,0.6680757183935296,0.046694419500346585,500,0.0020882379234533344,0.6639827720635612,0.6721686647234981
146,0.1,0.6691465783346136,0.04758802725686197,500,0.002128201277229124,0.6649753038312445,0.6733178528379826
147,0.1,0.6711420382044394,0.04737752709620764,500,0.00211878742385917,0.6669892148536755,0.6752948615552034
148,0.1,0.6724335936174848,0.04709157068746624,500,0.00210599906448822,0.6683058354510879,0.6765613517838817
149,0.1,0.6742604278184954,0.047498946310350315,500,0.0021242174561911225,0.6700969616043608,0.6784238940326299
150,0.1,0.6755047225566941,0.04761882425636273,500,0.0021295785609168586,0.6713307485772971,0.6796786965360911
151,0.1,0.6768789252010674,0.04741369857832477,500,0.002120405061716386,0.6727229312801033,0.6810349191220315
152,0.1,0.6778123164180407,0.047145063807242406,500,0.002108391349531181,0.6736798693729596,0.6819447634631218
153,0.1,0.6792492517579275,0.04634258892273871,500,0.00207250358169145,0.6751871447378123,0.6833113587780427
154,0.1,0.681061451460315,0.047201458202065005,500,0.002110913383538647,0.6769240612285793,0.6851988416920508
155,0.1,0.6823010573733479,0.04651499433126302,500,0.0020802137859544296,0.6782238383528773,0.6863782763938185
156,0.1,0.6828087440788688,0.04649305334350556,500,0.002079232555152046,0.6787334482707709,0.6868840398869668
157,0.1,0.6839148106434291,0.04636052450307282,500,0.0020733056852283095,0.6798511315003816,0.6879784897864766
158,0.1,0.6856118432399585,0.04659173215535008,500,0.0020836456057765113,0.6815278978526366,0.6896957886272804
159,0.1,0.6865487761668728,0.047122500168542115,500,0.0021073822729321093,0.6824183069119258,0.6906792454218198
160,0.1,0.6871544193688999,0.04684231035714732,500,0.002094851803634477,0.6830485098337763,0.6912603289040234
161,0.1,0.6876252482942165,0.047746455405720874,500,0.0021352863994370834,0.6834400869513197,0.6918104096371132
162,0.1,0.6882253764376994,0.04766779487983032,500,0.00213176859377634,0.6840471099938978,0.692403642881501
163,0.1,0.6901907869974222,0.04649232947567933,500,0.0020792001827987226,0.6861155546391366,0.6942660193557078
164,0.1,0.6917681383440604,0.04669102580203645,500,0.002088086152651003,0.6876754894848645,0.6958607872032563
165,0.1,0.6928726922322933,0.046585945482648695,500,0.0020833868179060346,0.6887892540691974,0.6969561303953892
166,0.1,0.6941430145308325,0.04534608178724444,500,0.0020279384277908743,0.6901682552123624,0.6981177738493026
167,0.1,0.6955547012916586,0.04577025159419998,500,0.0020469078782379855,0.6915427618503122,0.6995666407330051
168,0.1,0.6958224550389377,0.04561509855299423,500,0.0020399692232969478,0.6918241153612756,0.6998207947165997
169,0.1,0.6952900712492135,0.04552309050999197,500,0.002035854498524352,0.6912997964321058,0.6992803460663212
170,0.1,0.6961639538362132,0.04628590166688054,500,0.0020699684505403144,0.6921068156731542,0.7002210919992722
171,0.1,0.6974986558084807,0.0469433521760858,500,0.0020993705311488104,0.693383889567429,0.7016134220495324
172,0.1,0.6985376491698811,0.04777094458418836,500,0.0021363815887924117,0.694350341255848,0.7027249570839142
173,0.1,0.699126454516782,0.047606876603560694,500,0.0021290442456401203,0.6949535277953274,0.7032993812382367
174,0.1,0.7002559675198144,0.04724325752451505,500,0.0021127827060668817,0.6961149134159234,0.7043970216237055
175,0.1,0.7012794083458987,0.04690221097196994,500,0.0020975306405672254,0.697168248290387,0.7053905684014105
176,0.1,0.7027881088345352,0.04571443592398536,500,0.0020444117255817933,0.698781061852395,0.7067951558166755
177,0.1,0.7041269301277959,0.0462078913570192,500,0.0020664797234243985,0.7000766298698841,0.7081772303857078
178,0.1,0.7040362294359453,0.04648476944380801,500,0.0020788620878951962,0.6999616597436707,0.70811079912822
179,0.1,0.7048089061379351,0.04639540053857864,500,0.0020748653889518438,0.7007421699755895,0.7088756423002808
180,0.1,0.7057082742588391,0.046370823189086925,500,0.002073766256468439,0.701643692396161,0.7097728561215172
181,0.1,0.705727680683688,0.045839362714744314,500,0.0020499986215087515,0.7017096833855309,0.7097456779818451
182,0.1,0.7057770300353632,0.04657562050690028,500,0.0020829250709532444,0.7016944968962948,0.7098595631744316
183,0.1,0.7059779668247699,0.0466032684372668,500,0.002084161523987979,0.7018930102377534,0.7100629234117863
184,0.1,0.7066908015865806,0.046059608349985987,500,0.0020598483057517117,0.7026534989073072,0.710728104265854
185,0.1,0.7071640786302064,0.04621878349706673,500,0.002066966834735733,0.7031128236341243,0.7112153336262884
186,0.1,0.7074817153732879,0.04646046175520969,500,0.002077775015013561,0.7034092763438613,0.7115541544027144
187,0.1,0.7082780094762519,0.046433116347249795,500,0.002076552091192145,0.7042079673775152,0.7123480515749885
188,0.1,0.7083275016403539,0.046920344398345,500,0.0020983415920480175,0.7042147521199398,0.7124402511607679
189,0.1,0.7088692248517806,0.047488063507928904,500,0.002123730762471123,0.7047067125573372,0.713031737146224
190,0.1,0.7107833256547411,0.046966840584853994,500,0.00210042096472259,0.7066665005638848,0.7149001507455974
191,0.1,0.7121821929628398,0.047173681349154326,500,0.0021096711649124613,0.7080472374796114,0.7163171484460682
192,0.1,0.7126603211262328,0.0472725618439036,500,0.002114093235070625,0.7085166983854944,0.7168039438669712
193,0.1,0.7126630085888587,0.046223507400864956,500,0.002067178094135973,0.7086113395243522,0.7167146776533652
194,0.1,0.7125811475105451,0.046400513758034216,500,0.0020750940590775744,0.7085139631547531,0.7166483318663371
195,0.1,0.7119209400102735,0.046723596776544564,500,0.0020895427709128737,0.7078254361792843,0.7160164438412627
196,0.1,0.7113910243971752,0.046920354659093264,500,0.0020983420509226303,0.7072782739773668,0.7155037748169836
197,0.1,0.7114977157593829,0.04716068901902693,500,0.0021090901302454417,0.7073638991041018,0.715631532414664
198,0.1,0.7124542463891214,0.047239142048351085,500,0.0021125986563776335,0.7083135530226212,0.7165949397556215
199,0.1,0.7131644779544093,0.047232274478106816,500,0.002112291529299505,0.7090243865569823,0.7173045693518363
200,0.1,0.7134114442902774,0.047634506748015365,500,0.002130279903264696,0.7092360956798786,0.7175867929006762
1,0.3,0.3333333333333333,0.0,500,0.0,0.3333333333333333,0.3333333333333333
2,0.3,0.33527220722669904,0.055071184932868104,500,0.0024628582622271055,0.3304450050327339,0.3400994094206642
3,0.3,0.3301242213165982,0.07650489127720332,500,0.0034214027501411463,0.32341827192632155,0.3368301707068748
4,0.3,0.3206581550817309,0.092138647387432,500,0.004120565578263627,0.3125818465483342,0.3287344636151276
5,0.3,0.30882883627665514,0.09857457617331451,500,0.004408389063535247,0.3001883937121261,0.3174692788411842
6,0.3,0.300219124472499,0.10906208347890059,500,0.004877404648531569,0.29065941136137713,0.30977883758362085
7,0.3,0.29060744479997874,0.11606315490371502,500,0.005190502080955897,0.28043406072130517,0.3007808288786523
8,0.3,0.2862962345740493,0.11985387204639464,500,0.005360028105246005,0.27579057948776714,0.29680188966033144
9,0.3,0.27927224085550745,0.12250438006418705,500,0.005478562427299846,0.2685342584979997,0.2900102232130152
10,0.3,0.2749590526928393,0.12298919039267846,500,0.005500243804313861,0.2641785748363842,0.28573953054929446
11,0.3,0.26627914176856776,0.12099978707891754,500,0.005411274983429206,0.2556730428010465,0.276885240736089
12,0.3,0.2641195801894444,0.12325994300045753,500,0.0055123522290354485,0.25331536982053493,0.2749237905583539
13,0.3,0.25677675531314553,0.12202055858662225,500,0.00545692527304366,0.24608118177797997,0.2674723288483111
14,0.3,0.2540378119086516,0.12006159172693351,500,0.005369317611764994,0.2435139493895922,0.264561674427711
15,0.3,0.25298671437439324,0.1199767224240371,500,0.005365522141155406,0.24247029097772865,0.2635031377710578
16,0.3,0.24863416062953236,0.11889246538285844,500,0.005317032692172241,0.23821277655287476,0.25905554470618997
17,0.3,0.24228810633999695,0.11692116809730381,500,0.005228873597485021,0.2320395140889263,0.2525366985910676
18,0.3,0.23954714033128055,0.10980389034891161,500,0.004910579260281989,0.22992240498112784,0.24917187568143326
19,0.3,0.2410978960099406,0.11158496815424464,500,0.004990231481200804,0.23131704230678704,0.2508787497130942
20,0.3,0.23626419714499242,0.1128953244886586,500,0.005048832397970746,0.22636848564496975,0.24615990864501508
21,0.3,0.23531708291302772,0.11280321063280709,500,0.005044712941103674,0.22542944554846453,0.2452047202775909
22,0.3,0.23617436285433083,0.10775000041392975,500,0.0048187265100235474,0.22672965889468466,0.245619066813977
23,0.3,0.23553859509316305,0.1091457155785499,500,0.004881144789729907,0.22597155130529242,0.24510563888103368
24,0.3,0.23956417866402233,0.11190076106786649,500,0.0050043541696342285,0.22975564449153923,0.24937271283650542
25,0.3,0.23997915352402993,0.1147112595773853,500,0.005130043483993147,0.22992426829540336,0.2500340387526565
26,0.3,0.2358381308858208,0.11075318169113176,500,0.004953032859715114,0.22613018648077918,0.24554607529086245
27,0.3,0.23507869763079456,0.11260676221219051,500,0.005035927500652251,0.22520827972951615,0.24494911553207296
28,0.3,0.2333205825244416,0.110619797666041,500,0.004947067744770805,0.22362432974469082,0.24301683530419238
29,0.3,0.2336411035540056,0.11140526946689999,500,0.004982195111593403,0.22387600113528253,0.2434062059727287
30,0.3,0.23085734242994244,0.1103912950304061,500,0.004936848796244455,0.2211811187893033,0.24053356607058157
31,0.3,0.22511537754112118,0.10981781288543321,500,0.0049112018950436195,0.2154894218268357,0.23474133325540666
32,0.3,0.22677350061337045,0.11039206903718472,500,0.004936883410879896,0.21709720912804586,0.23644979209869504
33,0.3,0.2273548710604958,0.10609274022135683,500,0.004744611581083599,0.21805543236157193,0.23665430975941965
34,0.3,0.23047539910356718,0.10914562573079553,500,0.004881140771616179,0.22090836319119947,0.2400424350159349
35,0.3,0.2299446049791713,0.10940230692356648,500,0.004892619903527811,0.2203550699682568,0.2395341399900858
36,0.3,0.23229598784289301,0.10932982391702012,500,0.004889378364930786,0.22271280624762868,0.24187916943815735
37,0.3,0.23019754276654292,0.11213886991262659,500,0.005015002720892779,0.22036813743359307,0.24002694809949277
38,0.3,0.22908014821449646,0.10583801247251585,500,0.004733219809840321,0.21980303738720944,0.23835725904178348
39,0.3,0.22971439206062727,0.10485186842669623,500,0.004689118107399134,0.22052372057012498,0.23890506355112956
40,0.3,0.23340810404972454,0.10837789984304225,500,0.004846807026154125,0.22390836227846245,0.24290784582098662
41,0.3,0.2365550824226217,0.11063781212881067,500,0.004947873376037427,0.22685725060558834,0.24625291423965504
42,0.3,0.23544592924059218,0.10767371910007359,500,0.00481531510595964,0.22600791163291128,0.24488394684827308
43,0.3,0.23686803389611602,0.1071569873408126,500,0.004792206159162827,0.22747530982415687,0.24626075796807517
44,0.3,0.23664189858034937,0.10520774697031818,500,0.00470503347970458,0.2274200329601284,0.24586376420057035
45,0.3,0.2394315651079574,0.10707801231927709,500,0.004788674288829269,0.23004576350185205,0.24881736671406277
46,0.3,0.23564996173167202,0.10400212409339113,500,0.004651116385543825,0.22653377361600613,0.2447661498473379
47,0.3,0.23784905151500452,0.10373806532841494,500,0.004639307318572997,0.22875600917060143,0.2469420938594076
48,0.3,0.23536823077580282,0.10414308694887536,500,0.00465742043608713,0.22623968672107206,0.2444967748305336
49,0.3,0.2357930610747979,0.1075962001512704,500,0.004811848353178275,0.22636183830256848,0.2452242838470273
50,0.3,0.24001527262995614,0.1096231723682934,500,0.004902497306493613,0.23040637790922866,0.24962416735068363
51,0.3,0.24107432615105953,0.10914724087513734,500,0.004881213003067014,0.23150714866504818,0.2506415036370709
52,0.3,0.24555058371865132,0.11183601406445606,500,0.005001458595614926,0.23574772487124607,0.2553534425660566
53,0.3,0.24404251205810498,0.10853695030444142,500,0.0048539199790249505,0.23452882889921609,0.2535561952169939
54,0.3,0.2443365383745541,0.10733573512510935,500,0.004800200003093128,0.23492814636849157,0.25374493038061663
55,0.3,0.24636244244374986,0.11205747186660728,500,0.005011362489610082,0.2365401719641141,0.2561847129233856
56,0.3,0.2475844738852885,0.11574081958251861,500,0.005176086807161009,0.23743934374325293,0.2577296040273241
57,0.3,0.24784249457173474,0.11815291829446539,500,0.005283959140928062,0.23748593465551573,0.2581990544879537
58,0.3,0.24783888981083504,0.11711563273534843,500,0.005237570320482774,0.2375732519826888,0.2581045276389813
59,0.3,0.25236366400211513,0.1206731367736279,500,0.005396666737679232,0.24178619719626382,0.26294113080796644
60,0.3,0.2552813118413905,0.11890337288374789,500,0.005317520490441309,0.24485897168012555,0.2657036520026555
61,0.3,0.25996650232333945,0.11763638822850236,500,0.005260859214129747,0.24965521826364515,0.27027778638303374
62,0.3,0.2567151103459598,0.11556179659576225,500,0.0051680806558025635,0.24658567226058675,0.2668445484313328
63,0.3,0.25237112975205406,0.11505759723399327,500,0.005145532174860014,0.24228588668932843,0.2624563728147797
64,0.3,0.2502411652634747,0.11254647416720995,500,0.005033231337316109,0.2403760318423351,0.26010629868461427
65,0.3,0.2449355405633155,0.11308062842259467,500,0.0050571194418263295,0.2350235864573359,0.2548474946692951
66,0.3,0.24475350152328038,0.10949678802456636,500,0.004896845226816306,0.2351556848787204,0.25435131816784035
67,0.3,0.2488367628799257,0.11016577900990239,500,0.004926763413207224,0.23918030659003955,0.2584932191698119
68,0.3,0.248538396837294,0.11128684965695293,500,0.004976899216694918,0.23878367437257197,0.25829311930201604
69,0.3,0.24614838568180009,0.10968287570863482,500,0.004905167321043357,0.2365342577325551,0.2557625136310451
70,0.3,0.24392453040269024,0.11109749146758505,500,0.00496843086102446,0.2341864059150823,0.2536626548902982
71,0.3,0.2469638749431138,0.10804277761544617,500,0.004831819904520605,0.23749350793025342,0.2564342419559742
72,0.3,0.24468097506845804,0.11178912192586501,500,0.0049993615154249275,0.23488222649822518,0.25447972363869087
73,0.3,0.2434262904504887,0.11210802485303394,500,0.005013623287892395,0.2335995888062196,0.25325299209475777
74,0.3,0.24145014201588577,0.11107955917748452,500,0.00496762890463132,0.2317135893628084,0.25118669466896315
75,0.3,0.24621283891288556,0.10678303430896723,500,0.0047754824711708594,0.23685289326939069,0.25557278455638044
76,0.3,0.24505175788609562,0.10727924373965644,500,0.004797673631532811,0.2356483175682913,0.25445519820389995
77,0.3,0.24235979739100508,0.11093871274802684,500,0.00496133006081821,0.23263559047180138,0.2520840043102088
78,0.3,0.24049569229466236,0.10739737991720148,500,0.0048029568420046645,0.23108189688433323,0.2499094877049915
79,0.3,0.23934324855761271,0.10784646186317352,500,0.004823040397177892,0.22989008937914404,0.2487964077360814
80,0.3,0.24413309693097077,0.1078113147068366,500,0.004821468568562188,0.23468301853658888,0.2535831753253527
81,0.3,0.24686454912835212,0.10871494863762544,500,0.004861880306482573,0.2373352637276463,0.25639383452905795
82,0.3,0.24614140128355028,0.11013875058277456,500,0.004925554665199569,0.23648731413975912,0.25579548842734146
83,0.3,0.248019704280383,0.11206723357817473,500,0.005011799046622914,0.23819657814900208,0.2578428304117639
84,0.3,0.24921166049876534,0.11191685620248186,500,0.005005073965936368,0.23940171552553005,0.2590216054720006
85,0.3,0.2524080627629642,0.11276073641815527,500,0.005042813436478627,0.24252414842746606,0.2622919770984623
86,0.3,0.25614187721943255,0.11555509007030039,500,0.005167780730866052,0.24601302698693508,0.26627072745193003
87,0.3,0.25342716201142523,0.11352426234720785,500,0.005076959354077531,0.24347632167743327,0.2633780023454172
88,0.3,0.2532098604942077,0.11207423945419706,500,0.005012112358923471,0.24338612027071768,0.26303360071769766
89,0.3,0.25140640129347674,0.10936962479764732,500,0.004891158314423722,0.24181973099720624,0.2609930715897472
90,0.3,0.25406698975105246,0.11162455906544819,500,0.00499200204057565,0.2442826657515242,0.26385131375058074
91,0.3,0.25143978042633053,0.1129517250719367,500,0.005051354708734355,0.24153912519721119,0.26134043565544984
92,0.3,0.2527487175972018,0.11156513654351932,500,0.004989344584607102,0.24296960221137187,0.26252783298303173
93,0.3,0.24881063629414765,0.10930567072418346,500,0.0048882982013096574,0.2392295718195807,0.2583917007687146
94,0.3,0.24335527833360532,0.10856914247334117,500,0.0048553596565850095,0.2338387734066987,0.25287178326051196
95,0.3,0.2435432414935931,0.10990275358180769,500,0.00491500055846661,0.23390984039899854,0.2531766425881877
96,0.3,0.2406280889846074,0.10753340985356026,500,0.004809040285698129,0.2312023700246391,0.25005380794457577
97,0.3,0.24269896194774898,0.10964034985524937,500,0.004903265507063936,0.23308856155390367,0.2523093623415943
98,0.3,0.24039526753498347,0.10825696501512455,500,0.0048413986562327,0.23090612616876738,0.24988440890119956
99,0.3,0.24797926562928357,0.11051542815671268,500,0.004942400198418077,0.23829216124038413,0.257666370018183
100,0.3,0.25057992767362697,0.1087075021841504,500,0.004861547290959343,0.24105129498334665,0.2601085603639073
101,0.3,0.24261670789817244,0.10503039659234698,500,0.004697102129685002,0.23341038772398984,0.25182302807235507
102,0.3,0.39513818284759705,0.1330722627845884,500,0.005951172510121102,0.3834738847277597,0.40680248096743443
103,0.3,0.49029822077022217,0.13312002725190009,500,0.005953308602037462,0.4786297359102287,0.5019667056302156
104,0.3,0.541938077369046,0.12353235254011978,500,0.005524534754003533,0.531109989251199,0.552766165486893
105,0.3,0.5786432576870413,0.11207418732929518,500,0.005012110027826993,0.5688195220325004,0.5884669933415821
106,0.3,0.6050102900078282,0.10425313559132883,500,0.004662341960994279,0.5958720997642795,0.614148480251377
107,0.3,0.6227943399563145,0.10325686287852474,500,0.004617787290795119,0.6137434768663561,0.6318452030462729
108,0.3,0.6381636645019909,0.10043123863638312,500,0.004491421533109118,0.6293604782970971,0.6469668507068848
109,0.3,0.6498527484020835,0.09949347620927018,500,0.0044494835224337245,0.6411317606981134,0.6585737361060536
110,0.3,0.6567114782059311,0.09327468748694664,500,0.004171370836017234,0.6485355913673373,0.664887365044525
111,0.3,0.6665759620477308,0.09206330091470773,500,0.004117195981566101,0.6585062579238613,0.6746456661716004
112,0.3,0.6731405899832039,0.09323712688114144,500,0.004169691074660104,0.6649679954768701,0.6813131844895377
113,0.3,0.6802289024369264,0.09111241487191471,500,0.004074671064955282,0.672242547149614,0.6882152577242387
114,0.3,0.6846274317093877,0.08905352216353725,500,0.0039825945838690684,0.6768215463250042,0.6924333170937711
115,0.3,0.6909112700715715,0.08617337448484967,500,0.0038537904639733955,0.6833578407621836,0.6984646993809593
116,0.3,0.6920340383339778,0.08533221801306218,500,0.0038161728029607813,0.6845543396401746,0.699513737027781
117,0.3,0.6964954436117151,0.08370957126275709,500,0.003743605834217755,0.6891579761766483,0.7038329110467819
118,0.3,0.6974202168117397,0.08569066177809892,500,0.0038322028954554436,0.689909099136647,0.7049313344868324
119,0.3,0.703893567337772,0.08552495364768789,500,0.003824792202574974,0.696396974620725,0.7113901600548189
120,0.3,0.709440964250957,0.08245162714870886,500,0.0036873488631996034,0.7022137604790858,0.7166681680228283
121,0.3,0.7108542361767868,0.0840704637778313,500,0.003759745438143291,0.7034851351180259,0.7182233372355477
122,0.3,0.7163440745644029,0.08127699756472899,500,0.0036348178312363773,0.7092198316151795,0.7234683175136262
123,0.3,0.719183500816893,0.07973259662768477,500,0.0035657501216414724,0.7121946305784757,0.7261723710553103
124,0.3,0.720719138375003,0.07906563295704166,500,0.0035359225995198573,0.7137887300799441,0.7276495466700619
125,0.3,0.7195032312659057,0.08037252205516691,500,0.0035943684567690862,0.7124582690906383,0.726548193441173
126,0.3,0.7205064602803246,0.07994837006612235,500,0.0035753998031631783,0.7134986766661248,0.7275142438945245
127,0.3,0.721688099320544,0.07915845658275358,500,0.0035400737982600543,0.7147495546759542,0.7286266439651338
128,0.3,0.721811796232256,0.0791537784672822,500,0.003539864586576042,0.7148736616425669,0.7287499308219451
129,0.3,0.7227506776485204,0.07646862254361775,500,0.003419780763066043,0.716047907352911,0.7294534479441298
130,0.3,0.7234656043343933,0.07739078556802673,500,0.0034610211472443485,0.7166820028857944,0.7302492057829922
131,0.3,0.7224797363277031,0.08005122539204305,500,0.0035799996331753103,0.7154629370466795,0.7294965356087267
132,0.3,0.7245530072207563,0.0781700519939148,500,0.0034958710012617292,0.7177011000582834,0.7314049143832293
133,0.3,0.7253362455863376,0.07756564812909209,500,0.0034688412387095854,0.7185373167584668,0.7321351744142084
134,0.3,0.7251368587023515,0.07909463323580973,500,0.003537219531413694,0.7182039084207806,0.7320698089839223
135,0.3,0.7272536184154202,0.0757418603754247,500,0.0033872789708349472,0.7206145516325837,0.7338926851982568
136,0.3,0.7277193274275019,0.07881278474047256,500,0.003524614883515095,0.7208110822558124,0.7346275725991914
137,0.3,0.7286928375369229,0.08065740537077422,500,0.0036071088259561554,0.7216229042380489,0.735762770835797
138,0.3,0.7302864563006959,0.07790344032234225,500,0.003483947764837108,0.7234579186816151,0.7371149939197766
139,0.3,0.7302031224431563,0.07876644410053156,500,0.0035225424670945167,0.7232989392076511,0.7371073056786616
140,0.3,0.7292500635170253,0.07919867007133286,500,0.0035418722001415675,0.7223079940047478,0.7361921330293028
141,0.3,0.7301891152977518,0.08060173320255097,500,0.0036046190909041157,0.7231240618795797,0.7372541687159239
142,0.3,0.7304995449028854,0.07669540473761342,500,0.0034299227711032604,0.723776896271523,0.7372221935342478
143,0.3,0.7316293364844497,0.07694686135139017,500,0.003441168252739195,0.7248846467090809,0.7383740262598185
144,0.3,0.729708016637695,0.07869912080093303,500,0.0035195316776070787,0.7228097345495852,0.7366062987258049
145,0.3,0.7341031915055506,0.07649213297342575,500,0.0034208321814506617,0.7273983604299072,0.7408080225811939
146,0.3,0.7348287819338275,0.07841463448603879,500,0.00350680906283164,0.7279554361706775,0.7417021276969775
147,0.3,0.735219472739383,0.0791032645365065,500,0.003537605534915538,0.7282857658909486,0.7421531795878175
148,0.3,0.7336456771521084,0.08236134787171416,500,0.00368331145119321,0.7264263867077697,0.740864967596447
149,0.3,0.735433384150654,0.08143137738362075,500,0.0036417219066242987,0.7282956092136703,0.7425711590876376
150,0.3,0.7378386159562561,0.07992838496792162,500,0.0035745060424009017,0.7308325841131503,0.7448446477993619
151,0.3,0.7388695491650394,0.08067942805860288,500,0.0036080937104967987,0.7317976854924657,0.7459414128376132
152,0.3,0.7394061769023915,0.08281216507011888,500,0.0037034726092143888,0.7321473705883313,0.7466649832164517
153,0.3,0.7402081522308932,0.08525398769582453,500,0.0038126742368158857,0.732735310726734,0.7476809937350524
154,0.3,0.7437864492696631,0.0822181557130723,500,0.0036769077031818466,0.7365797101714266,0.7509931883678995
155,0.3,0.7443524281934766,0.08134263772161283,500,0.003637753348293298,0.7372224316308217,0.7514824247561315
156,0.3,0.7438065805483325,0.07789005179300176,500,0.003483349011602626,0.7369792164855914,0.7506339446110736
157,0.3,0.742128994752859,0.07781352220032936,500,0.003479926504172509,0.7353083388046808,0.7489496507010371
158,0.3,0.7414003015135499,0.07995279411030208,500,0.003575597652433605,0.73439213011478,0.7484084729123197
159,0.3,0.7423223129947053,0.0794450267214383,500,0.0035528896044684658,0.7353586493699471,0.7492859766194635
160,0.3,0.7425347767217552,0.07865585618911874,500,0.003517596825346341,0.7356402869440763,0.749429266499434
161,0.3,0.7435263194570949,0.07929031637199818,500,0.0035459707473050484,0.7365762167923771,0.7504764221218128
162,0.3,0.7420730880246728,0.07987158217973009,500,0.003571965744486746,0.7350720351654787,0.7490741408838668
163,0.3,0.7434482251137581,0.08041766117308069,500,0.003596387139491078,0.7363993063203556,0.7504971439071606
164,0.3,0.7434254799631796,0.07901175722056256,500,0.003533513203337754,0.7364997940846376,0.7503511658417217
165,0.3,0.7429575954317104,0.0787939885578983,500,0.0035237742926760244,0.7360509978180654,0.7498641930453553
166,0.3,0.7429657931339747,0.07760171644328893,500,0.003470454262757145,0.7361637027789707,0.7497678834889787
167,0.3,0.7431958595335306,0.07868329123977934,500,0.003518823758111206,0.7362989649676327,0.7500927540994285
168,0.3,0.7441017349958322,0.07841122016703217,500,0.0035066563698437267,0.7372286885109385,0.7509747814807259
169,0.3,0.742369598529452,0.08181204309799181,500,0.0036587457949050434,0.735198456771438,0.7495407402874659
170,0.3,0.7440495246372576,0.07953004809642919,500,0.0035566918759488684,0.7370784085603979,0.7510206407141173
171,0.3,0.7421736738135168,0.07612845214101742,500,0.003404567880183087,0.735500720768358,0.7488466268586756
172,0.3,0.7433149145435789,0.07754458174522935,500,0.003467899121382442,0.7365178322656694,0.7501119968214884
173,0.3,0.7417269969050956,0.07594411162995039,500,0.0033963239219080284,0.7350702020181559,0.7483837917920353
174,0.3,0.7404667719741134,0.07790697679110296,500,0.003484105920528093,0.7336379243698783,0.7472956195783484
175,0.3,0.7381131336550015,0.07837995772173009,500,0.0035052582707869604,0.7312428274442591,0.744983439865744
176,0.3,0.7378998922353295,0.08252704120138835,500,0.003690721482164605,0.7306660781302868,0.7451337063403721
177,0.3,0.7370449654940546,0.07954399304054324,500,0.003557315512808497,0.7300726270889499,0.7440173038991593
178,0.3,0.7389289832534691,0.07645349291727929,500,0.003419104145606704,0.73222753912808,0.7456304273788582
179,0.3,0.7395668954997027,0.07853791012564412,500,0.003512322117034186,0.7326827441503156,0.7464510468490897
180,0.3,0.7416841182368435,0.07792340053770856,500,0.0034848404128052,0.7348538310277454,0.7485144054459417
181,0.3,0.7424488847848414,0.07750515247689903,500,0.0034661357908966485,0.735655258634684,0.7492425109349988
182,0.3,0.7426095739195686,0.0768687808074731,500,0.0034376763846608203,0.7358717282056334,0.7493474196335038
183,0.3,0.7428623024818972,0.07502706414634334,500,0.0033553123116692187,0.7362858903510255,0.7494387146127689
184,0.3,0.7449279142969374,0.07456455801654417,500,0.003334628408744393,0.7383920426157984,0.7514637859780764
185,0.3,0.7496859899762276,0.07265507189421627,500,0.00324923359331204,0.743317492133336,0.7560544878191192
186,0.3,0.7446522009088314,0.07496655685529004,500,0.0033526063433506276,0.7380810924758642,0.7512233093417987
187,0.3,0.7435125511259715,0.07652415771392668,500,0.003422264371385099,0.7368049129580567,0.7502201892938862
188,0.3,0.7459916279034904,0.07792809405896,500,0.0034850503134566412,0.7391609292891154,0.7528223265178654
189,0.3,0.7455202032324368,0.07783716515588736,500,0.003480983849288843,0.7386974748878307,0.752342931577043
190,0.3,0.7452682512399628,0.07971511040993863,500,0.003564968114210478,0.7382809137361103,0.7522555887438153
191,0.3,0.7440559372975133,0.07820865399241043,500,0.003497597335115801,0.7372006465206863,0.7509112280743403
192,0.3,0.7473705407236486,0.07887676245594961,500,0.0035274760539321316,0.7404566876579416,0.7542843937893556
193,0.3,0.7490675213899137,0.0794182298561881,500,0.0035516912122227984,0.742106206613957,0.7560288361658705
194,0.3,0.7467162183145662,0.08001721950351495,500,0.003578478843607628,0.7397023997810953,0.7537300368480372
195,0.3,0.749386313500957,0.07924444832141102,500,0.0035439194657228825,0.7424402313481401,0.7563323956537739
196,0.3,0.7474572802382358,0.08258761220772981,500,0.0036934302999175068,0.7402181568503975,0.754696403626074
197,0.3,0.7473384049934793,0.07954529237085682,500,0.003557373620626625,0.7403659526970511,0.7543108572899074
198,0.3,0.7453660382066288,0.08136100667347819,500,0.003638574832794225,0.7382344315343522,0.7524976448789055
199,0.3,0.7458711401618072,0.07919601466346804,500,0.003541753446691693,0.7389293034062915,0.752812976917323
200,0.3,0.7454778176400726,0.07497946873800486,500,0.0033531837802999844,0.7389055774306846,0.7520500578494606
1,0.7,0.3333333333333333,0.0,500,0.0,0.3333333333333333,0.3333333333333333
2,0.7,0.3338675227372561,0.12044078584839263,500,0.0053862756884100116,0.3233104223879725,0.34442462308653976
3,0.7,0.31694425755350153,0.15019551990432353,500,0.006716947848439802,0.30377903977055953,0.3301094753364435
4,0.7,0.30176741188062733,0.16494678993606707,500,0.007376644699348483,0.2873091882699043,0.31622563549135035
5,0.7,0.2962664916782032,0.17039678447215742,500,0.007620375864542492,0.2813305549836999,0.31120242837270645
6,0.7,0.27547627615581993,0.16965909075515836,500,0.007587385198586804,0.2606050011665898,0.29034755114505006
7,0.7,0.2765758662789487,0.17497761538784792,500,0.007825236850960824,0.26123840205106547,0.29191333050683194
8,0.7,0.27652071612232476,0.17626829299413618,500,0.007882957708254769,0.2610701190141454,0.2919713132305041
9,0.7,0.26778391061366374,0.17788331757288167,500,0.007955183803122925,0.25219175035954283,0.28337607086778466
10,0.7,0.28536253142845047,0.18869815354112873,500,0.00843883797093313,0.26882240900542154,0.3019026538514794
11,0.7,0.28791959033562375,0.18905339439058244,500,0.008454724824688394,0.2713483296792345,0.304490850992013
12,0.7,0.29039746708380776,0.19101888548249277,500,0.008542624258502031,0.2736539235371438,0.3071410106304717
13,0.7,0.2828700687567388,0.19341921469282214,500,0.008649970244155527,0.265916127078194,0.2998240104352836
14,0.7,0.2835662782895243,0.18986022251399662,500,0.00849080727529065,0.2669242960299546,0.300208260549094
15,0.7,0.29399119267992474,0.1955946882805879,500,0.00874726038066552,0.2768465623338203,0.31113582302602916
16,0.7,0.29124011968807484,0.19514419231390154,500,0.008727113588563516,0.27413497705449036,0.3083452623216593
17,0.7,0.293228745847227,0.19383387644820552,500,0.00866851448160966,0.2762384574632721,0.31021903423118197
18,0.7,0.29191940403778316,0.19300415837368626,500,0.008631408361273954,0.2750018436496862,0.3088369644258801
19,0.7,0.28297363445911133,0.18971294490092208,500,0.008484220820202677,0.2663445616515141,0.29960270726670857
20,0.7,0.29259547466899904,0.20039848832570054,500,0.008962092849689287,0.27502977268360806,0.31016117665439
21,0.7,0.28867660531590966,0.19698640800688597,500,0.008809499978938116,0.27140998535719096,0.30594322527462836
22,0.7,0.29501023372618973,0.19680721026797082,500,0.008801486012425547,0.27775932114183566,0.3122611463105438
23,0.7,0.29898280604300864,0.19735405620423474,500,0.008825941706159659,0.2816839602989357,0.31628165178708156
24,0.7,0.2802014989700829,0.1929361114609576,500,0.008628365210823549,0.26328990315686873,0.29711309478329706
25,0.7,0.28907164795474904,0.20449107247735956,500,0.009145118777024246,0.27114721515178153,0.30699608075771656
26,0.7,0.2914618490673595,0.18962134907742,500,0.008480124530446564,0.27484080498768426,0.30808289314703474
27,0.7,0.3025492046528075,0.20475338875673108,500,0.009156849917669836,0.2846017788141746,0.3204966304914404
28,0.7,0.3019104362184514,0.20241452245239258,500,0.009052252636734145,0.28416802105045247,0.3196528513864503
29,0.7,0.2969620574164794,0.2012128388562144,500,0.008998511712564128,0.2793249744598537,0.3145991403731051
30,0.7,0.3113673355400907,0.2021106504297421,500,0.009038663066752009,0.2936515559292568,0.32908311515092464
31,0.7,0.28965708272453583,0.19653293505631347,500,0.008789220052069367,0.27243021142247986,0.3068839540265918
32,0.7,0.2955887505327333,0.19401938931628152,500,0.008676810869284037,0.2785822012289366,0.31259529983653
33,0.7,0.3123005690251006,0.1980119884916456,500,0.008855365332544511,0.2949440529733134,0.32965708507688785
34,0.7,0.29742147702461386,0.2006970085093994,500,0.008975443078157416,0.2798296085914253,0.3150133454578024
35,0.7,0.3016333566383679,0.1940085197177987,500,0.008676324766062124,0.2846277600968861,0.31863895317984964
36,0.7,0.30976260470408784,0.19993368961940403,500,0.008941306419626628,0.2922376441216197,0.327287565286556
37,0.7,0.3113289902716845,0.2047819646650931,500,0.009158127871142162,0.2933790596442458,0.32927892089912314
38,0.7,0.30846959310411776,0.19884888340327914,500,0.008892792410793236,0.291039719978963,0.3258994662292725
39,0.7,0.3070354078431247,0.20027849746900125,500,0.008956726695444128,0.2894802235200542,0.32459059216619524
40,0.7,0.3057857646243132,0.20081932036044559,500,0.008980913030425277,0.28818317508467967,0.3233883541639468
41,0.7,0.3139715948085935,0.2022188766979375,500,0.009043503092604729,0.29624632874708823,0.33169686087009875
42,0.7,0.3131581526118584,0.2023942690827079,500,0.009051346878506377,0.2954175127299859,0.33089879249373094
43,0.7,0.30292372423538844,0.20012293018767963,500,0.008949769515121928,0.28538217598574944,0.32046527248502743
44,0.7,0.3042730508139979,0.19661789935839064,500,0.008793019771171475,0.2870387320625018,0.32150736956549403
45,0.7,0.2918415241095889,0.1981283714324279,500,0.008860570135884724,0.27447480664325485,0.30920824157592297
46,0.7,0.2979387345933978,0.20247114837165375,500,0.009054785024829273,0.28019135594473243,0.3156861132420632
47,0.7,0.28784091141333823,0.20526631941222606,500,0.009179788873938442,0.2698485252204189,0.30583329760625755
48,0.7,0.2912305693855772,0.20025092130262814,500,0.008955493451792746,0.2736778022200634,0.30878333655109097
49,0.7,0.29247094837761767,0.19442218743169173,500,0.00869482454862936,0.2754290922623041,0.3095128044929312
50,0.7,0.29352355184197143,0.19222787550971854,500,0.008596691936201953,0.2766740356470156,0.31037306803692727
51,0.7,0.30152472350579324,0.19698879099172925,500,0.008809606549260095,0.28425789466924345,0.318791552342343
52,0.7,0.3087210254165156,0.19954551724563946,500,0.008923946823332128,0.29123008964278463,0.32621196119024654
53,0.7,0.3117134916121264,0.20383156090837043,500,0.0091156245230201,0.293846867547007,0.3295801156772458
54,0.7,0.3153020198018513,0.201581688037961,500,0.00901500714944074,0.29763260578894746,0.33297143381475514
55,0.7,0.32675874931562887,0.20289319096551356,500,0.00907365934341469,0.30897437700253605,0.3445431216287217
56,0.7,0.3225741321333399,0.21252773660180824,500,0.009504529322916268,0.30394525466042405,0.34120300960625577
57,0.7,0.318667496393249,0.21392144260971305,500,0.009566857750402767,0.2999164552024596,0.3374185375840384
58,0.7,0.31120779878011,0.20804890455825506,500,0.009304229864732482,0.2929715082452343,0.3294440893149857
59,0.7,0.3057609677695729,0.20451368320930005,500,0.009146129959697045,0.2878345530485667,0.3236873824905791
60,0.7,0.3127623595045872,0.206523205512792,500,0.009235998529155244,0.29465980238744294,0.33086491662173145
61,0.7,0.3145011328727104,0.20948730034846835,500,0.009368556880041812,0.29613876138782846,0.3328635043575924
62,0.7,0.3184044511213133,0.21408773542092663,500,0.009574294591003629,0.2996388337229462,0.33717006851968045
63,0.7,0.31425091815296985,0.21458043966528326,500,0.009596328994667312,0.2954421133234219,0.3330597229825178
64,0.7,0.3178686227144827,0.2082631861623511,500,0.00931381282939421,0.29961354956887004,0.33612369586009533
65,0.7,0.33670983966034934,0.21386744092010798,500,0.009564442721425632,0.3179635319263551,0.35545614739434356
66,0.7,0.31655559893910323,0.21107471589959753,500,0.009439548261659115,0.29805408434625136,0.3350571135319551
67,0.7,0.3162945136732483,0.21181189533935293,500,0.009472515928437281,0.29772838245351124,0.33486064489298534
68,0.7,0.3179957204159767,0.21273950030360486,500,0.009513999683563952,0.2993482810361913,0.33664315979576204
69,0.7,0.31017905086139963,0.2102730739540179,500,0.009403697743980489,0.2917478032831979,0.3286102984396014
70,0.7,0.30189381758850115,0.20972866181405037,500,0.009379350892925619,0.28351028983836696,0.32027734533863533
71,0.7,0.31059563969866616,0.20659628198580932,500,0.009239266608379697,0.29248667714624194,0.3287046022510904
72,0.7,0.3135381586814489,0.20400232527374745,500,0.009123261337602454,0.2956565664597481,0.33141975090314973
73,0.7,0.3167101485644777,0.20548735255788297,500,0.009189673776717831,0.2986983879621108,0.33472190916684463
74,0.7,0.32495698639901904,0.2078662150791266,500,0.009296059742850377,0.3067367093030323,0.34317726349500577
75,0.7,0.3237490663509498,0.21043436597443863,500,0.00941091094241827,0.30530368090381,0.3421944517980896
76,0.7,0.32213846464224094,0.2066170282615933,500,0.009240194410038356,0.30402768359856575,0.34024924568591614
77,0.7,0.316405793337694,0.21633088879852985,500,0.009674611459729211,0.2974435548766247,0.33536803179876323
78,0.7,0.3117371013825075,0.2119385999182239,500,0.009478182329465599,0.2931598640167549,0.33031433874826005
79,0.7,0.318260586513922,0.21620431174275961,500,0.00966895076170733,0.2993094430209756,0.3372117300068683
80,0.7,0.3069109085579324,0.20158176130317262,500,0.009015010425960611,0.2892414881230496,0.3245803289928152
81,0.7,0.29758156721301776,0.1997650513610328,500,0.008933764687440124,0.2800713884256351,0.3150917460004004
82,0.7,0.294469462658193,0.20795012842627636,500,0.009299812461819306,0.2762418302330272,0.31269709508335886
83,0.7,0.2986231840947581,0.19351001403952386,500,0.00865403091438628,0.281661283502561,0.3155850846869552
84,0.7,0.3015710435552711,0.19962661328244707,500,0.008927573548352281,0.2840729994005006,0.31906908771004155
85,0.7,0.2955993369191731,0.19319893569691604,500,0.008640119067978298,0.27866470354593564,0.3125339702924106
86,0.7,0.29764691910637553,0.19841656640569633,500,0.008873458606904762,0.2802549402368422,0.31503889797590884
87,0.7,0.2975715723699916,0.1998715728593525,500,0.008938528473666284,0.2800520565616057,0.3150910881783775
88,0.7,0.30359492982270286,0.2061298371576883,500,0.00921840656151106,0.2855268529621412,0.32166300668326453
89,0.7,0.3019342293864771,0.2039193116062455,500,0.009119548853530534,0.28405991363355726,0.319808545139397
90,0.7,0.30366139541537995,0.20533597426101752,500,0.009182903933475647,0.2856629037057677,0.3216598871249922
91,0.7,0.30952914197556286,0.2119508551519676,500,0.009478730400180222,0.2909508303912096,0.3281074535599161
92,0.7,0.3069718927375582,0.20606398504913473,500,0.00921546156568731,0.28890958806881106,0.32503419740630535
93,0.7,0.3019435914451021,0.20732553951927238,500,0.009271879996738243,0.2837707066514951,0.32011647623870904
94,0.7,0.2973652310637489,0.20473553060357189,500,0.009156051276781506,0.27941937056125715,0.31531109156624065
95,0.7,0.30013777779681333,0.2081197323622904,500,0.009307397380422884,0.2818952789311845,0.3183802766624422
96,0.7,0.30211852607739675,0.2024757213527617,500,0.009054989534761616,0.284370746589264,0.31986630556552953
97,0.7,0.305289065199298,0.20617790906874814,500,0.009220556402729823,0.28721677464994755,0.32336135574864844
98,0.7,0.3055233183043045,0.2076167134364343,500,0.009284901690179221,0.2873249109915532,0.3237217256170558
99,0.7,0.30348551762521375,0.21045505123951022,500,0.009411836015594924,0.2850383190346477,0.3219327162157798
100,0.7,0.3188111059315501,0.2159176410696628,500,0.009656130459463327,0.29988509023100196,0.33773712163209824
101,0.7,0.312001046414566,0.21031336677492096,500,0.00940549969371138,0.2935662670148917,0.3304358258142403
102,0.7,0.5517565918460402,0.21078506464045366,500,0.009426594663554833,0.5332804663054728,0.5702327173866076
103,0.7,0.6436371314926471,0.1784444147095848,500,0.0079802768299159,0.6279957889060119,0.6592784740792823
104,0.7,0.686300585201607,0.16332245304992687,500,0.007304002145433086,0.6719847409965581,0.7006164294066558
105,0.7,0.7008245899021206,0.15644422454379545,500,0.006996398415343353,0.6871116490080477,0.7145375307961935
106,0.7,0.7134153017532758,0.1437916398858876,500,0.006430557627620296,0.7008114088031401,0.7260191947034116
107,0.7,0.725446563685569,0.14020190183475117,500,0.006270019661545122,0.7131573251489406,0.7377358022221975
108,0.7,0.7286121702716633,0.14154611595934818,500,0.006330134744723407,0.7162051061720054,0.7410192343713211
109,0.7,0.7299262177661856,0.1384962101031179,500,0.006193738808333296,0.7177864897018523,0.7420659458305189
110,0.7,0.7361115206213155,0.1368361708132481,500,0.006119499594383908,0.724117301416323,0.7481057398263079
111,0.7,0.7445162903220299,0.13543054276530297,500,0.006056637997058196,0.7326452798477958,0.756387300796264
112,0.7,0.7427909534109506,0.1287472586224074,500,0.0057577524439289774,0.7315057586208498,0.7540761482010514
113,0.7,0.7419176377269706,0.1325967616438921,500,0.00592990745264159,0.7302950191197931,0.7535402563341481
114,0.7,0.7414733042180022,0.1320823166311665,500,0.005906900772258787,0.7298957787043749,0.7530508297316294
115,0.7,0.7406814914830329,0.14206046056409244,500,0.0063531369347247756,0.7282293430909723,0.7531336398750934
116,0.7,0.7365229982165112,0.14399597631946254,500,0.006439695830735364,0.7239011943882699,0.7491448020447525
117,0.7,0.7356359185027753,0.14432989259972007,500,0.006454629020764358,0.7229848456220772,0.7482869913834734
118,0.7,0.7423940144517932,0.13796397915699624,500,0.006169936716828154,0.73030093848681,0.7544870904167764
119,0.7,0.7413754484120582,0.13874711747496568,500,0.006204959727123444,0.7292137273468962,0.7535371694772202
120,0.7,0.7466484850708613,0.138012657031058,500,0.0061721136575362,0.7345511423020904,0.7587458278396323
121,0.7,0.7480463594913211,0.14019042959644534,500,0.006269506607451004,0.7357581265407172,0.7603345924419251
122,0.7,0.7533125365198794,0.13675416844361463,500,0.006115832336927578,0.7413255051395014,0.7652995679002574
123,0.7,0.7538298158854835,0.13359924026803283,500,0.005974739659632972,0.7421193261526029,0.7655403056183641
124,0.7,0.7508676753487815,0.1334410626395708,500,0.005967665741037757,0.7391710504963475,0.7625643002012156
125,0.7,0.7546534060575903,0.13807714418772254,500,0.006174997610855751,0.742550410740313,0.7667564013748677
126,0.7,0.746023627420902,0.14108308294730373,500,0.00630942727890825,0.7336571499542418,0.7583901048875622
127,0.7,0.7519862812423183,0.13486486941737674,500,0.006031340315877737,0.7401648542231979,0.7638077082614386
128,0.7,0.7435410687335275,0.14280526273238597,500,0.006386445500286647,0.7310236355529657,0.7560585019140894
129,0.7,0.7470319852652336,0.14551534978992772,500,0.006507644277998762,0.7342770024803561,0.7597869680501111
130,0.7,0.7500173450238342,0.13986737934815588,500,0.006255059361144535,0.7377574286759909,0.7622772613716775
131,0.7,0.7546352694351688,0.1421135671892641,500,0.006355511935203565,0.7421784660421697,0.7670920728281678
132,0.7,0.7568608687747664,0.13600756382530027,500,0.006082443163350254,0.7449392801746,0.7687824573749329
133,0.7,0.7565088660230823,0.13270120894593823,500,0.005934578477990422,0.7448770922062211,0.7681406398399435
134,0.7,0.7630812006578848,0.1272028535238061,500,0.005688684548223581,0.7519313789433666,0.7742310223724029
135,0.7,0.7649899087648481,0.13200331629668413,500,0.00590336776989583,0.7534193079358522,0.7765605095938439
136,0.7,0.7709306409799473,0.12994788395946757,500,0.00581144604131248,0.7595402067389749,0.7823210752209198
137,0.7,0.7647106020813399,0.12973973934282207,500,0.00580213753107308,0.7533384125204367,0.7760827916422431
138,0.7,0.7621396242044491,0.12632084571940694,500,0.005649239960077145,0.751067113882698,0.7732121345262003
139,0.7,0.7644188624068403,0.12783834277243616,500,0.005717104491401724,0.7532133376036929,0.7756243872099877
140,0.7,0.7597497545271295,0.1362977703867519,500,0.006095421595328701,0.7478027282002851,0.7716967808539738
141,0.7,0.754545355042494,0.13902429868086674,500,0.006217355647493047,0.7423593379734076,0.7667313721115804
142,0.7,0.7570071080294167,0.13316664182114168,500,0.005955393268948784,0.7453345372222772,0.7686796788365563
143,0.7,0.7665642755722272,0.1313196893176981,500,0.005872795041970518,0.7550535972899649,0.7780749538544894
144,0.7,0.7694904372796921,0.12682391093556084,500,0.005671737720485859,0.7583738313475399,0.7806070432118444
145,0.7,0.7668136007522587,0.12595789319001321,500,0.005633008229510547,0.755772904622418,0.7778542968820994
146,0.7,0.769259150876119,0.1277679268887131,500,0.005713955397347714,0.7580597982973174,0.7804585034549205
147,0.7,0.7737851340323908,0.12149553783493519,500,0.005433445631236254,0.7631355805951677,0.7844346874696139
148,0.7,0.775462296908527,0.1269247824720945,500,0.0056762488327395414,0.7643368491963575,0.7865877446206965
149,0.7,0.7777623644883022,0.12634197175294054,500,0.005650184745018666,0.7666880023880656,0.7888367265885388
150,0.7,0.777227288624255,0.12330012643170249,500,0.005514149286712107,0.7664195560222993,0.7880350212262108
151,0.7,0.7829635529905996,0.1130362375980722,500,0.005055134223802139,0.7730554899119474,0.7928716160692518
152,0.7,0.7788141511687464,0.12081673024247355,500,0.00540308843282851,0.7682240978404026,0.7894042044970903
153,0.7,0.7713985684587795,0.12520981447076432,500,0.005599553132135317,0.7604234443197943,0.7823736925977648
154,0.7,0.7704511620788327,0.12695682097567235,500,0.00567768163817749,0.7593229060680048,0.7815794180896606
155,0.7,0.7730960198876519,0.12537951321202906,500,0.0056071422905586,0.762106020998157,0.7840860187771467
156,0.7,0.765779950312453,0.1335379413283008,500,0.005971998287709183,0.754074833668543,0.7774850669563631
157,0.7,0.7689422960190018,0.131518206262129,500,0.005881672989619179,0.7574142169593482,0.7804703750786554
158,0.7,0.7664733285278186,0.13319043550068213,500,0.005956457354646529,0.7547986721127113,0.7781479849429258
159,0.7,0.7681645443703947,0.1343545824501965,500,0.006008519588944792,0.7563878459760629,0.7799412427647265
160,0.7,0.7643885554867343,0.13320525359459298,500,0.005957120039952162,0.7527126002084281,0.7760645107650406
161,0.7,0.7642199338519929,0.13295381317050417,500,0.005945875282341083,0.7525660182986044,0.7758738494053815
162,0.7,0.7694240790612821,0.13324945450292291,500,0.005959096764666021,0.7577442494025367,0.7811039087200274
163,0.7,0.7660690143329596,0.13329733437033198,500,0.005961238017431628,0.7543849878187936,0.7777530408471256
164,0.7,0.7654470456131025,0.13463419781368566,500,0.006021024368151094,0.7536458378515264,0.7772482533746786
165,0.7,0.7673574965896081,0.13034385139875285,500,0.005829154243534848,0.7559323542722798,0.7787826389069363
166,0.7,0.7730319860355748,0.125575012858007,500,0.005615885300518276,0.7620248508465589,0.7840391212245906
167,0.7,0.7667353742487263,0.1271345130550333,500,0.005685628269547777,0.7555915428404126,0.7778792056570399
168,0.7,0.7664453231550116,0.13650080220670394,500,0.006104501454348866,0.7544805003044878,0.7784101460055354
169,0.7,0.7669275187938324,0.13762072914722948,500,0.006154586109725835,0.7548645300187697,0.778990507568895
170,0.7,0.7625633838544744,0.13089189785396965,500,0.005853663626108699,0.7510902031473013,0.7740365645616475
171,0.7,0.7672232051867628,0.12525055188392398,500,0.0056013749646363666,0.7562445102560755,0.77820190011745
172,0.7,0.756800097280368,0.13594477745448813,500,0.0060796352714863255,0.7448840121482548,0.7687161824124812
173,0.7,0.7610374419286787,0.13161985416129834,500,0.005886218821865433,0.7495004530378224,0.772574430819535
174,0.7,0.7652353365992554,0.13033181967171314,500,0.005828616168343898,0.7538112489093013,0.7766594242892094
175,0.7,0.7730532274398877,0.12021582985291017,500,0.005376215350453114,0.7625158453529995,0.7835906095267758
176,0.7,0.7760436175518104,0.12251381891527212,500,0.00547898454555296,0.7653048078425266,0.7867824272610942
177,0.7,0.7744314764149859,0.1263156795850464,500,0.005649008923524923,0.763359418924877,0.7855035339050948
178,0.7,0.7690716438130364,0.13105265714436704,500,0.005860853000135563,0.7575843719327707,0.780558915693302
179,0.7,0.76554539071413,0.13104948662017557,500,0.005860711209983234,0.7540583967425628,0.7770323846856971
180,0.7,0.767800312374006,0.1358955292966682,500,0.006077432826913286,0.755888544033256,0.7797120807147561
181,0.7,0.7698671565313185,0.13596515435635143,500,0.006080546554241069,0.757949285285006,0.781785027777631
182,0.7,0.7762817843730716,0.1304431677017477,500,0.0058335958036302565,0.7648479365979564,0.7877156321481869
183,0.7,0.7797733420798519,0.12457353737867553,500,0.005571097955526589,0.7688539900870198,0.790692694072684
184,0.7,0.7719201878758549,0.1310447932508339,500,0.005860501316125405,0.7604336052962491,0.7834067704554607
185,0.7,0.7722105822460553,0.13216004848560564,500,0.005910377046469646,0.7606262432349749,0.7837949212571358
186,0.7,0.7705002983894234,0.13453189680375394,500,0.00601644932790361,0.7587080577067323,0.7822925390721144
187,0.7,0.7757287209810753,0.1217863262519526,500,0.0054464500845866634,0.7650536788152854,0.7864037631468651
188,0.7,0.7803659056694525,0.12542011564152275,500,0.00560895808640659,0.7693723478200956,0.7913594635188095
189,0.7,0.7816908107409242,0.12237687154801558,500,0.005472860073102455,0.7709640049976434,0.792417616484205
190,0.7,0.7754887422173765,0.12721990095116767,500,0.005689446932352021,0.7643374262299666,0.7866400582047864
191,0.7,0.7725607356739612,0.12782445344612642,500,0.005716483341845918,0.7613564283239432,0.7837650430239792
192,0.7,0.7755542383430156,0.12691290590097895,500,0.0056757176963324624,0.764429831658204,0.7866786450278273
193,0.7,0.7641181140326607,0.12991709140495783,500,0.005810068956410787,0.7527303788780956,0.7755058491872259
194,0.7,0.7637867875471726,0.13211172022390352,500,0.00590821574090164,0.7522066846950053,0.7753668903993398
195,0.7,0.7664570404541511,0.12905432156975086,500,0.005771484716401605,0.755144930410004,0.7777691504982982
196,0.7,0.767395047593978,0.13071097402998186,500,0.005845572466724981,0.755937725559197,0.778852369628759
197,0.7,0.7685125747221585,0.1321078133095174,500,0.005908041018378647,0.7569328143261363,0.7800923351181807
198,0.7,0.7643985174459695,0.14037689255175215,500,0.006277845484318034,0.7520939402967062,0.7767030945952329
199,0.7,0.765353931672293,0.1342877542971922,500,0.006005530943086225,0.753583091023844,0.7771247723207421
200,0.7,0.7638661826016867,0.13289114492372833,500,0.005943072673144653,0.7522177601623232,0.7755146050410502
