trial,choice,travel_time,reward,prediction_error,P_A,P_B,P_C,Q_A,Q_B,Q_C
1,C,24.880047681278512,-24.880047681278512,0.11995231872148793,0.3333333333333333,0.3333333333333333,0.3333333333333333,-25.0,-25.0,-24.964014304383554
2,C,30.82169414917364,-30.82169414917364,-5.857679844790088,0.33213165966393865,0.33213165966393865,0.33573668067212264,-25.0,-25.0,-26.72131825782058
3,A,13.48910246568841,-13.48910246568841,11.51089753431159,0.38510900881463106,0.38510900881463106,0.22978198237073796,-21.546730739706522,-25.0,-26.72131825782058
4,B,23.367514815312834,-23.367514815312834,1.632485184687166,0.638315920115082,0.22652437506036255,0.13515970482455547,-21.546730739706522,-24.51025444459385,-26.72131825782058
5,A,15.7347803621321,-15.7347803621321,5.811950377574423,0.6162236825606157,0.25329451616177057,0.13048180127761388,-19.803145626434194,-24.51025444459385,-26.72131825782058
6,A,23.88895967714474,-23.88895967714474,-4.085814050710546,0.7303946293237132,0.17794105268324917,0.0916643179930376,-21.02888984164736,-24.51025444459385,-26.72131825782058
7,A,25.636206034840164,-25.636206034840164,-4.607316193192805,0.6522405457830945,0.22952318497470905,0.1182362692421965,-22.4110846996052,-24.51025444459385,-26.72131825782058
8,A,15.70353768558381,-15.70353768558381,6.707547014021392,0.5533570517640155,0.29478684413185324,0.15185610410413133,-20.398820595398785,-24.51025444459385,-26.72131825782058
9,A,15.205586995855006,-15.205586995855006,5.193233599543779,0.6937953123389665,0.20209680661136098,0.10410788104967254,-18.840850515535653,-24.51025444459385,-26.72131825782058
10,B,23.900148178027493,-23.900148178027493,0.6101062665663584,0.7833530146034395,0.14298822217604734,0.07365876322051321,-18.840850515535653,-24.327222564623945,-26.72131825782058
11,A,16.595352277980293,-16.595352277980293,2.24549823755536,0.7770812075911134,0.1498497678363054,0.07306902457258121,-18.167201044269046,-24.327222564623945,-26.72131825782058
12,C,27.536411553793595,-27.536411553793595,-0.8150932959730142,0.8101264704143373,0.12763618544318459,0.0622373441424781,-18.167201044269046,-24.327222564623945,-26.965846246612486
13,A,18.239332247558853,-18.239332247558853,-0.07213120328980693,0.813708569334805,0.1282005484886913,0.058090882176503614,-18.188840405255988,-24.327222564623945,-26.965846246612486
14,A,21.82722032182039,-21.82722032182039,-3.6383799165644035,0.8127224913019252,0.12887913979166454,0.05839836890641017,-19.280354380225308,-24.327222564623945,-26.965846246612486
15,A,22.154105015039413,-22.154105015039413,-2.8737506348141046,0.75774279206002,0.166714629987792,0.07554257795218797,-20.14247957066954,-24.327222564623945,-26.965846246612486
16,B,23.18716996723077,-23.18716996723077,1.1400525973931757,0.7071757129576031,0.20151347850837545,0.09131080853402147,-20.14247957066954,-23.985206785405992,-26.965846246612486
17,A,15.931136358760611,-15.931136358760611,4.211343211908929,0.6921056619063588,0.2185293805283741,0.08936495756526713,-18.879076607096863,-23.985206785405992,-26.965846246612486
18,A,25.644861463604457,-25.644861463604457,-6.765784856507594,0.7665626786841576,0.1656831805846305,0.06775414073121182,-20.90881206404914,-23.985206785405992,-26.965846246612486
19,A,15.79921761518736,-15.79921761518736,5.109594448861781,0.6410863250710757,0.25474058253557696,0.10417309239334732,-19.375933729390606,-23.985206785405992,-26.965846246612486
20,A,23.252963939123504,-23.252963939123504,-3.8770302097328972,0.7388395327755829,0.18535980711569727,0.07580066010871987,-20.539042792310475,-23.985206785405992,-26.965846246612486
21,A,22.715771341525976,-22.715771341525976,-2.1767285492155004,0.6661922362151784,0.23692155005875187,0.09688621372606974,-21.192061357075126,-23.985206785405992,-26.965846246612486
22,B,24.46432264613344,-24.46432264613344,-0.47911586072744683,0.6213088727275828,0.2687777175989002,0.10991340967351698,-21.192061357075126,-24.128941543624226,-26.965846246612486
23,A,21.093442983645065,-21.093442983645065,0.0986183734300603,0.6284375442916754,0.2603879396311403,0.11117451607718427,-21.162475845046107,-24.128941543624226,-26.965846246612486
24,B,24.447191097549364,-24.447191097549364,-0.31824955392513843,0.6305076696472992,0.25893721265954284,0.11055511769315797,-21.162475845046107,-24.22441640980177,-26.965846246612486
25,A,20.33789534744446,-20.33789534744446,0.824580497601648,0.6351515105371254,0.2534791066927981,0.11136938277007642,-20.915101695765614,-24.22441640980177,-26.965846246612486
26,B,25.26257645167708,-25.26257645167708,-1.0381600418753116,0.6521705069914246,0.2416551300486995,0.10617436295987574,-20.915101695765614,-24.535864422364362,-26.965846246612486
27,B,23.360657567285397,-23.360657567285397,1.1752068550789652,0.6665385307500923,0.2249479698936217,0.10851349935628589,-20.915101695765614,-24.183302365840674,-26.965846246612486
28,A,16.805610758783292,-16.805610758783292,4.109490936982322,0.6502204415687511,0.24392266912552166,0.10585688930572726,-19.68225441467092,-24.183302365840674,-26.965846246612486
29,A,27.47470655617198,-27.47470655617198,-7.792452141501062,0.7290607641697702,0.18894249243993164,0.08199674339029836,-22.019990057121237,-24.183302365840674,-26.965846246612486
30,B,25.936556709182963,-25.936556709182963,-1.753254343342288,0.5716391076479803,0.29872223717165103,0.12963865518036868,-22.019990057121237,-24.70927866884336,-26.965846246612486
31,A,18.325574850071124,-18.325574850071124,3.6944152070501133,0.5977022042818531,0.2667484448693988,0.1355493508487482,-20.911665495006204,-24.70927866884336,-26.965846246612486
32,A,22.93111165679639,-22.93111165679639,-2.019446161790185,0.6744534973496557,0.21585756680479318,0.1096889358455511,-21.51749934354326,-24.70927866884336,-26.965846246612486
33,A,23.966736175999625,-23.966736175999625,-2.4492368324563643,0.6333573800135602,0.24310684707988095,0.12353577290655875,-22.25227039328017,-24.70927866884336,-26.965846246612486
34,A,17.688241036677166,-17.688241036677166,4.564029356603005,0.5808383736825095,0.27793021279056207,0.14123141352692847,-20.88306158629927,-24.70927866884336,-26.965846246612486
35,A,19.043478375591924,-19.043478375591924,1.839583210707346,0.6763348030120233,0.21461014421112787,0.10905505277684874,-20.331186623087067,-24.70927866884336,-26.965846246612486
36,B,21.73342557199304,-21.73342557199304,2.9758530968503223,0.7114714141153268,0.1913123870035454,0.09721619888112795,-20.331186623087067,-23.816522739788265,-26.965846246612486
37,A,22.48580372026882,-22.48580372026882,-2.1546170971817524,0.6719880861080789,0.23619075828574235,0.09182115560617886,-20.977571752241595,-23.816522739788265,-26.965846246612486
38,A,23.452426770338842,-23.452426770338842,-2.474855018097248,0.6279132845961124,0.26792759572828406,0.1041591196756034,-21.72002825767077,-23.816522739788265,-26.965846246612486
39,A,20.792698455383572,-20.792698455383572,0.927329802287197,0.5745740766589156,0.30633543225948545,0.11909049108159889,-21.44182931698461,-23.816522739788265,-26.965846246612486
40,B,23.381306920559524,-23.381306920559524,0.4352158192287412,0.5948369781802347,0.29174477297944895,0.1134182488403162,-21.44182931698461,-23.685957994019642,-26.965846246612486
41,B,22.6761481178667,-22.6761481178667,1.0098098761529428,0.5879844722799111,0.29990385403883596,0.1121116736812528,-21.44182931698461,-23.38301503117376,-26.965846246612486
42,A,18.091310530008354,-18.091310530008354,3.350518786976256,0.5716728863828887,0.3193255887263866,0.10900152489072465,-20.436673680891733,-23.38301503117376,-26.965846246612486
43,B,24.973944961571164,-24.973944961571164,-1.5909299303974045,0.643417103036652,0.2658389811959659,0.09074391576738221,-20.436673680891733,-23.860294010292982,-26.965846246612486
44,A,20.062470593638437,-20.062470593638437,0.37420308725329576,0.6670744202934046,0.23884516947194276,0.0940804102346527,-20.324412754715745,-23.860294010292982,-26.965846246612486
45,A,22.23265588014972,-22.23265588014972,-1.9082431254339767,0.6745113500836526,0.2335098186777257,0.09197883123862162,-20.896885692345936,-23.860294010292982,-26.965846246612486
46,A,19.507572577452883,-19.507572577452883,1.3893131148930529,0.6357393640758334,0.2613253490342773,0.10293528688988911,-20.48009175787802,-23.860294010292982,-26.965846246612486
47,A,19.601408945468005,-19.601408945468005,0.8786828124100161,0.6641753864479456,0.24092497430620569,0.09489963924584882,-20.216486914155016,-23.860294010292982,-26.965846246612486
48,A,12.764437637884564,-12.764437637884564,7.452049276270452,0.6815791964359659,0.22843925317384456,0.08998155039018957,-17.98087213127388,-23.860294010292982,-26.965846246612486
49,A,15.01376586199259,-15.01376586199259,2.96710626928129,0.8071696525161685,0.13833901577853716,0.05449133170529433,-17.090740250489493,-23.860294010292982,-26.965846246612486
50,B,22.189041889279878,-22.189041889279878,1.6712521210131044,0.8453730624692584,0.1109313893273243,0.043695548203417284,-17.090740250489493,-23.358918373989052,-26.965846246612486
51,A,26.496141488930327,-26.496141488930327,-9.405401238440835,0.8304207574550783,0.12665654740899046,0.042922695135931395,-19.912360622021744,-23.358918373989052,-26.965846246612486
52,B,25.475031136934174,-25.475031136934174,-2.1161127629451215,0.6774605946678286,0.2409005186581138,0.08163888667405758,-19.912360622021744,-23.99375220287259,-26.965846246612486
53,A,18.97281221066185,-18.97281221066185,0.939548411359894,0.7069955386897571,0.20780640091167804,0.08519806039856491,-19.630496098613776,-23.99375220287259,-26.965846246612486
54,A,18.30483462049719,-18.30483462049719,1.3256614781165865,0.724200847973891,0.19560394712336374,0.08019520490274522,-19.2327976551788,-23.99375220287259,-26.965846246612486
55,A,11.363397884038257,-11.363397884038257,7.869399771140543,0.7473834053515164,0.17916227319447475,0.07345432145400889,-16.871977723836636,-23.99375220287259,-26.965846246612486
56,A,21.188678011661388,-21.188678011661388,-4.316700287824752,0.8572887444956089,0.1012145420699015,0.041496713434489574,-18.16698781018406,-23.99375220287259,-26.965846246612486
57,A,12.769710728057728,-12.769710728057728,5.397277082126333,0.8028888279872142,0.13979638075233558,0.057314791260450235,-16.54780468554616,-23.99375220287259,-26.965846246612486
58,A,17.352536454680987,-17.352536454680987,-0.8047317691348255,0.8687787091195521,0.09306555968094066,0.03815573119950726,-16.78922421628661,-23.99375220287259,-26.965846246612486
59,A,20.109260727617215,-20.109260727617215,-3.3200365113306063,0.8602992239488723,0.09907943157566636,0.040621344475461355,-17.78523516968579,-23.99375220287259,-26.965846246612486
60,A,18.803221862634878,-18.803221862634878,-1.017986692949087,0.8203873701986479,0.12738595852907497,0.052226671272276995,-18.09063117757052,-23.99375220287259,-26.965846246612486
61,A,20.89637817478158,-20.89637817478158,-2.805746997211063,0.8064889147741638,0.1372431053693592,0.056267979856476955,-18.932355276733837,-23.99375220287259,-26.965846246612486
62,A,26.79593787620218,-26.79593787620218,-7.863582599468344,0.7640184157373392,0.16736429024927313,0.06861729401338765,-21.29143005657434,-23.99375220287259,-26.965846246612486
63,A,21.784355295747545,-21.784355295747545,-0.4929252391732035,0.6147008521203858,0.27326419822127124,0.11203494965834293,-21.439307628326304,-23.99375220287259,-26.965846246612486
64,A,14.056184728385745,-14.056184728385745,7.38312289994056,0.6041416914951573,0.28075303015360725,0.11510527835123552,-19.224370758344136,-23.99375220287259,-26.965846246612486
65,A,15.367120292972375,-15.367120292972375,3.857250465371761,0.7478604098820498,0.17882396914864063,0.07331562096930966,-18.067195618732608,-23.99375220287259,-26.965846246612486
66,A,13.116569262218455,-13.116569262218455,4.950626356514153,0.8075837889544366,0.1364665920636021,0.05594961898196135,-16.582007711778363,-23.99375220287259,-26.965846246612486
67,A,18.888886514506133,-18.888886514506133,-2.30687880272777,0.8676045095206283,0.09389833264116502,0.038497157838206626,-17.274071352596692,-23.99375220287259,-26.965846246612486
68,C,24.953262756377374,-24.953262756377374,2.0125834902351123,0.8418853317644219,0.11213904385772874,0.0459756243778494,-17.274071352596692,-23.99375220287259,-26.36207119954195
69,A,24.190632839471906,-24.190632839471906,-6.916561486875214,0.8342688215934716,0.11112452544782488,0.05460665295870351,-19.349039798659255,-23.99375220287259,-26.36207119954195
70,A,34.569312330036645,-34.569312330036645,-15.22027253137739,0.729817742505668,0.18116008971367437,0.08902216778065755,-23.91512155807247,-23.99375220287259,-26.36207119954195
71,C,25.031385639904407,-25.031385639904407,1.3306855596375442,0.4070614884896908,0.3975716056860381,0.19536690582427102,-23.91512155807247,-23.99375220287259,-25.96286553165069
72,B,24.535422924687673,-24.535422924687673,-0.541670721815084,0.39718888992330287,0.38792916842454334,0.21488194165215385,-23.91512155807247,-24.156253419417112,-25.96286553165069
73,A,17.923213699101574,-17.923213699101574,5.991907858970897,0.40465811521392514,0.37641904049589353,0.21892284429018133,-22.1175492003812,-24.156253419417112,-25.96286553165069
74,A,19.296045567918075,-19.296045567918075,2.821503632463127,0.5382199030246866,0.29197142930067516,0.1698086676746383,-21.271098110642264,-24.156253419417112,-25.96286553165069
75,B,24.31409713489069,-24.31409713489069,-0.15784371547357878,0.6003956082769861,0.25265936355943147,0.14694502816358238,-21.271098110642264,-24.203606534059187,-25.96286553165069
76,A,14.821731235870942,-14.821731235870942,6.4493668747713215,0.6025430041954056,0.2499863989170567,0.14747059688753772,-19.336288048210868,-24.203606534059187,-25.96286553165069
77,A,17.568460454633346,-17.568460454633346,1.7678275935775218,0.7303728968210721,0.16958591567293965,0.10004118750598827,-18.805939770137613,-24.203606534059187,-25.96286553165069
78,A,21.403433834757127,-21.403433834757127,-2.5974940646195144,0.7605358987741564,0.15061445380820293,0.08884964741764068,-19.58518798952347,-24.203606534059187,-25.96286553165069
79,B,24.260549042945772,-24.260549042945772,-0.056942508886585586,0.7154179559339862,0.17899204478336564,0.10558999928264817,-19.58518798952347,-24.22068928672516,-25.96286553165069
80,A,17.50352200730424,-17.50352200730424,2.081665982219228,0.7160731317362008,0.17824017024454253,0.10568669801925668,-18.9606881948577,-24.22068928672516,-25.96286553165069
81,A,15.17441618883814,-15.17441618883814,3.7862720060195585,0.7525791685496478,0.15532285263958528,0.09209797881076685,-17.824806593051832,-24.22068928672516,-25.96286553165069
82,A,30.642348662175824,-30.642348662175824,-12.817542069123991,0.8104873599228332,0.11896994968247515,0.07054269039469176,-21.67006921378903,-24.22068928672516,-25.96286553165069
83,B,25.67697840747269,-25.67697840747269,-1.4562891207475275,0.5743450324696703,0.26721251969556736,0.1584424478347624,-21.67006921378903,-24.65757602294942,-25.96286553165069
84,A,24.657865064371222,-24.657865064371222,-2.9877958505821915,0.5938374025002425,0.2423428613676371,0.1638197361321204,-22.566407968963688,-24.65757602294942,-25.96286553165069
85,A,19.216810511709546,-19.216810511709546,3.3495974572541414,0.5277091699557482,0.2817992396522644,0.19049159039198738,-21.561528731787444,-24.65757602294942,-25.96286553165069
86,A,16.726061522853048,-16.726061522853048,4.835467208934396,0.6016665998110742,0.23767145614667784,0.16066194404224804,-20.110888569107125,-24.65757602294942,-25.96286553165069
87,A,17.7250825982961,-17.7250825982961,2.385805970811024,0.7000647423384224,0.17896076353212123,0.12097449412945643,-19.39514677786382,-24.65757602294942,-25.96286553165069
88,A,13.610312128401903,-13.610312128401903,5.784834649461915,0.7431353139365181,0.15326207629189978,0.1036026097715821,-17.659696383025242,-24.65757602294942,-25.96286553165069
89,B,27.15818251282087,-27.15818251282087,-2.5006064898714477,0.8296238594121197,0.10165741915432376,0.0687187214335566,-17.659696383025242,-25.407757969910854,-25.96286553165069
90,B,23.762723347780234,-23.762723347780234,1.6450346221306198,0.8469756392410934,0.08286837096461526,0.0701559897942913,-17.659696383025242,-24.914247583271667,-25.96286553165069
91,A,26.530008708534123,-26.530008708534123,-8.87031232550888,0.8359216803094505,0.094837942334285,0.0692403773562645,-20.320790080677906,-24.914247583271667,-25.96286553165069
92,B,23.178145538332526,-23.178145538332526,1.736102044939141,0.6963259489863262,0.1755248480894355,0.1281492029242385,-20.320790080677906,-24.393416969789925,-25.96286553165069
93,A,22.143782192308066,-22.143782192308066,-1.8229921116301604,0.6762518706169643,0.19929328417477396,0.12445484520826183,-20.867687714166955,-24.393416969789925,-25.96286553165069
94,B,24.36646887444381,-24.36646887444381,0.026948095346114087,0.639346862916686,0.22201131563058493,0.13864182145272907,-20.867687714166955,-24.38533254118609,-25.96286553165069
95,C,23.895522402263005,-23.895522402263005,2.067343129387684,0.6390023742593761,0.2224305063591639,0.13856711938146,-20.867687714166955,-24.38533254118609,-25.342662592834383
96,A,28.618328603916485,-28.618328603916485,-7.75064088974953,0.621394318170503,0.21630131343341297,0.1623043683960841,-23.192879981091814,-24.38533254118609,-25.342662592834383
97,A,18.08406339432006,-18.08406339432006,5.108816586771752,0.4496494714690441,0.31442090777609744,0.23592962075485846,-21.660235005060287,-24.38533254118609,-25.342662592834383
98,B,21.785908635913025,-21.785908635913025,2.599423905273067,0.5640723956671717,0.24904991632306162,0.1868776880097667,-21.660235005060287,-23.60550536960417,-25.342662592834383
99,A,23.216633973445223,-23.216633973445223,-1.5563989683849364,0.5293252017505238,0.2953088865894277,0.17536591166004858,-22.12715469557577,-23.60550536960417,-25.342662592834383
100,C,27.984634399839788,-27.984634399839788,-2.6419718070054046,0.4943401612509741,0.31725905982078045,0.1884007789282454,-22.12715469557577,-23.60550536960417,-26.135254134936005
101,A,36.68787274399467,-36.68787274399467,-14.560718048418899,0.5148678003776278,0.3304333474877621,0.15469885213461018,-26.495370110101437,-23.60550536960417,-26.135254134936005
102,B,24.181169813803493,-24.181169813803493,-0.5756644441993224,0.22253125412778316,0.52954967834673,0.24791906752548692,-26.495370110101437,-23.778204702863967,-26.135254134936005
103,B,19.899655797937953,-19.899655797937953,3.8785489049260136,0.22864458297300572,0.5166255723245003,0.2547298447024939,-26.495370110101437,-22.614640031386163,-26.135254134936005
104,B,22.313539459414258,-22.313539459414258,0.30110057197190443,0.18805806404965253,0.6024289843311295,0.20951295161921804,-26.495370110101437,-22.52430985979459,-26.135254134936005
105,B,22.2436952661425,-22.2436952661425,0.28061459365209274,0.18499665336621057,0.6089010713482232,0.20610227528556618,-26.495370110101437,-22.440125481698963,-26.135254134936005
106,C,30.74770762706804,-30.74770762706804,-4.612453492132033,0.182159730425344,0.6148985718578363,0.20294169771681972,-26.495370110101437,-22.440125481698963,-27.518990182575614
107,B,24.061262985188836,-24.061262985188836,-1.621137503489873,0.19564921758241738,0.6604336984668345,0.1439170839507481,-26.495370110101437,-22.926466732745926,-27.518990182575614
108,A,37.442570937246316,-37.442570937246316,-10.94720082714488,0.2149186310964911,0.6269899486755488,0.15809142022796022,-29.7795303582449,-22.926466732745926,-27.518990182575614
109,B,23.34465381127608,-23.34465381127608,-0.4181870785301527,0.09272765282217557,0.7245753942502281,0.18269695292759633,-29.7795303582449,-23.051922856304973,-27.518990182575614
110,B,25.07623087400785,-25.07623087400785,-2.0243080177028787,0.09527765564201328,0.7170012402633752,0.18772110409461162,-29.7795303582449,-23.659215261615838,-27.518990182575614
111,C,27.5364829622503,-27.5364829622503,-0.01749277967468643,0.10819877925346043,0.6786222317560463,0.21317898899049326,-29.7795303582449,-23.659215261615838,-27.52423801647802
112,C,27.3284235493585,-27.3284235493585,0.19581446711951855,0.1082350763545273,0.678849887002272,0.21291503664320074,-29.7795303582449,-23.659215261615838,-27.465493676342163
113,B,24.35314671690742,-24.35314671690742,-0.6939314552915832,0.10782689497516805,0.6762897753214078,0.21588332970342416,-29.7795303582449,-23.867394698203313,-27.465493676342163
114,A,35.452448908139374,-35.452448908139374,-5.672918549894472,0.1124303551431378,0.662469595062896,0.22510004979396622,-31.481405923213245,-23.867394698203313,-27.465493676342163
115,B,29.03494807506784,-29.03494807506784,-5.167553376864529,0.07065207560312396,0.6936523198098209,0.23569560458705516,-31.481405923213245,-25.41766071126267,-27.465493676342163
116,B,22.29351329888236,-22.29351329888236,3.12414741238031,0.09521582791479749,0.5871437923078402,0.31764037977736226,-31.481405923213245,-24.480416487548577,-27.465493676342163
117,C,23.60967399448899,-23.60967399448899,3.8558196818531734,0.07997058227319388,0.6532472379089233,0.2667821798178828,-31.481405923213245,-24.480416487548577,-26.308747771786212
118,C,28.946815010771022,-28.946815010771022,-2.63806723898481,0.07200180531095228,0.5881535322971099,0.33984466239193784,-31.481405923213245,-24.480416487548577,-27.100167943481654
119,B,22.541832324512782,-22.541832324512782,1.9385841630357952,0.07757347343855399,0.6336662284841553,0.2887602980772906,-31.481405923213245,-23.89884123863784,-27.100167943481654
120,C,21.558132910784035,-21.558132910784035,5.542035032697619,0.06921331817506604,0.6731463119763232,0.2576403698486107,-31.481405923213245,-23.89884123863784,-25.437557433672367
121,B,21.875171176280872,-21.875171176280872,2.023670062356967,0.05932806355145274,0.5770055276838955,0.3636664087646517,-31.481405923213245,-23.291740219930748,-25.437557433672367
122,C,34.63312588177652,-34.63312588177652,-9.195568448104154,0.05319620629366367,0.6207241587972595,0.32607963490907693,-31.481405923213245,-23.291740219930748,-28.196227968103614
123,B,22.246278443664824,-22.246278443664824,1.045461776265924,0.06515560568153358,0.760273360553781,0.1745710337646855,-31.481405923213245,-22.97810168705097,-28.196227968103614
124,B,20.48454321728674,-20.48454321728674,2.4935584697642312,0.06060936824230251,0.7770003054118859,0.16239032634581152,-31.481405923213245,-22.2300341461217,-28.196227968103614
125,B,28.258494224056598,-28.258494224056598,-6.0284600779348985,0.050698311084556476,0.813466000127379,0.13583568878806446,-31.481405923213245,-24.038572169502167,-28.196227968103614
126,B,21.80642884309072,-21.80642884309072,2.232143326411446,0.0768893412009784,0.7171014959873453,0.20600916281167625,-31.481405923213245,-23.368929171578735,-28.196227968103614
127,B,29.810134338480815,-29.810134338480815,-6.44120516690208,0.06630960054398707,0.7560274739962013,0.17766292545981163,-31.481405923213245,-25.30129072164936,-28.196227968103614
128,A,33.158755216059845,-33.158755216059845,-1.6773492928465998,0.0993559292639116,0.6344403097423071,0.2662037609937812,-31.984610711067226,-25.30129072164936,-28.196227968103614
129,B,27.457395288811185,-27.457395288811185,-2.156104567161826,0.08664044113610592,0.6433974754956291,0.269962083368265,-31.984610711067226,-25.948122091797906,-28.196227968103614
130,B,23.509444308115782,-23.509444308115782,2.438677783682124,0.09773141706061236,0.5977482386954255,0.30452034424396224,-31.984610711067226,-25.21651875669327,-28.196227968103614
131,C,29.304298223399854,-29.304298223399854,-1.1080702552962407,0.08522800351950233,0.6492109133449878,0.2655610831355099,-31.984610711067226,-25.21651875669327,-28.528649044692486
132,B,23.73235407096792,-23.73235407096792,1.48416468572535,0.08743178348880559,0.6659978606815563,0.24657035582963796,-31.984610711067226,-24.771269350975665,-28.528649044692486
133,B,23.52365251205067,-23.52365251205067,1.2476168389249942,0.07983357450598322,0.6950241249756645,0.22514230051835238,-31.984610711067226,-24.39698429929817,-28.528649044692486
134,A,36.16084944813128,-36.16084944813128,-4.176238737064054,0.07374304178969696,0.718290846477337,0.207966111732966,-33.237482332186445,-24.39698429929817,-28.528649044692486
135,B,24.943077045090277,-24.943077045090277,-0.5460927457921088,0.05183678941277644,0.7352786384971319,0.2128845720900917,-33.237482332186445,-24.560812123035802,-28.528649044692486
136,B,24.310858655336933,-24.310858655336933,0.2499534676988695,0.053731582445521286,0.725602263916905,0.22066615363757378,-33.237482332186445,-24.485826082726142,-28.528649044692486
137,B,24.106310695155734,-24.106310695155734,0.37951538757040737,0.05285898648637376,0.73005845792437,0.21708255558925635,-33.237482332186445,-24.37197146645502,-28.528649044692486
138,C,25.83532589937146,-25.83532589937146,2.6933231453210276,0.051551289436641244,0.7367366366341253,0.21171207392923352,-33.237482332186445,-24.37197146645502,-27.720652101096178
139,A,34.51356700793255,-34.51356700793255,-1.2760846757461053,0.04872185622995147,0.6963002648758683,0.2549778788941804,-33.62030773491028,-24.37197146645502,-27.720652101096178
140,B,27.146709804950486,-27.146709804950486,-2.7747383384954674,0.043666462033922035,0.7000006256387011,0.25633291232737687,-33.62030773491028,-25.20439296800366,-27.720652101096178
141,B,22.473885580610464,-22.473885580610464,2.730507387393196,0.05165736218665866,0.6451011688303546,0.30324146898298654,-33.62030773491028,-24.3852407517857,-27.720652101096178
142,B,24.522315433816313,-24.522315433816313,-0.13707468203061168,0.043788237711002057,0.6991639966737061,0.25704776561529186,-33.62030773491028,-24.426363156394885,-27.720652101096178
143,B,26.38228590617773,-26.38228590617773,-1.9559227497828466,0.04416685387080029,0.6965628101847638,0.25927033594443594,-33.62030773491028,-25.01313998132974,-27.720652101096178
144,B,24.960286806783223,-24.960286806783223,0.05285317454651661,0.04976165729006475,0.6581251294734227,0.29211321323651246,-33.62030773491028,-24.997284028965787,-27.720652101096178
145,B,25.85487696311636,-25.85487696311636,-0.8575929341505741,0.04960599280499479,0.6591945829156317,0.29119942427937356,-33.62030773491028,-25.25456190921096,-27.720652101096178
146,C,24.668707946756566,-24.668707946756566,3.051944154339612,0.05216000272208771,0.6416479042622246,0.3061920930156877,-33.62030773491028,-25.25456190921096,-26.805068854794293
147,C,28.79115161306956,-28.79115161306956,-1.9860827582752663,0.04755704266721313,0.5850244472361703,0.3674185100966165,-33.62030773491028,-25.25456190921096,-27.400893682276873
148,B,23.41565762839289,-23.41565762839289,1.8389042808180704,0.05060014189853598,0.6224592275724344,0.3269406305290296,-33.62030773491028,-24.702890624965537,-27.400893682276873
149,B,23.49604524358623,-23.49604524358623,1.2068453813793063,0.045502371384330095,0.6604950145362541,0.2940026140794158,-33.62030773491028,-24.340837010551745,-27.400893682276873
150,B,26.942983945986313,-26.942983945986313,-2.6021469354345683,0.042297040890309084,0.6844108160576197,0.2732921430520713,-33.62030773491028,-25.121481091182115,-27.400893682276873
151,B,23.526299470980632,-23.526299470980632,1.5951816202014832,0.049348950276397,0.6317946925287277,0.3188563571948753,-33.62030773491028,-24.64292660512167,-27.400893682276873
152,B,24.5919879793742,-24.5919879793742,0.05093862574747021,0.04496329313188295,0.6645172170873044,0.2905194897808127,-33.62030773491028,-24.627645017397427,-27.400893682276873
153,B,20.486556435042836,-20.486556435042836,4.141088582354591,0.044826417577762526,0.665538481069779,0.2896351013524585,-33.62030773491028,-23.385318442691048,-27.400893682276873
154,B,27.45470042832837,-27.45470042832837,-4.069381985637321,0.03446627868958487,0.7428381622869302,0.22269555902348498,-33.62030773491028,-24.606133038382243,-27.400893682276873
155,B,25.727656027396378,-25.727656027396378,-1.1215229890141352,0.044634089096917545,0.6669734937099338,0.28839241719314856,-33.62030773491028,-24.942589935086485,-27.400893682276873
156,B,23.877351308342305,-23.877351308342305,1.0652386267441791,0.04768783586363815,0.644188697662964,0.30812346647339794,-33.62030773491028,-24.62301834706323,-27.400893682276873
157,B,23.331087655288247,-23.331087655288247,1.2919306917749829,0.04478501788015044,0.6658473749429635,0.28936760717688603,-33.62030773491028,-24.235439139530733,-27.400893682276873
158,C,29.74796572596312,-29.74796572596312,-2.3470720436862464,0.041387087861123245,0.6912002114352158,0.26741270070366097,-33.62030773491028,-24.235439139530733,-28.105015295382746
159,B,26.35482377795539,-26.35482377795539,-2.1193846384246555,0.04360758769207106,0.7282844817224402,0.2281079305854889,-33.62030773491028,-24.87125453105813,-28.105015295382746
160,B,27.487869052335583,-27.487869052335583,-2.6166145212774516,0.04992118283337122,0.6889449569560888,0.2611338602105399,-33.62030773491028,-25.65623888744137,-28.105015295382746
161,B,25.655976353594117,-25.655976353594117,0.0002625338472519445,0.058356966133560874,0.63638224131876,0.30526079254767924,-33.62030773491028,-25.656160127287194,-28.105015295382746
162,B,24.13309163171841,-24.13309163171841,1.5230684955687828,0.0583560886536745,0.6363877088283089,0.3052562025180167,-33.62030773491028,-25.19923957861656,-28.105015295382746
163,B,25.979167869189705,-25.979167869189705,-0.7799282905731459,0.05336656958794755,0.6674770176080802,0.2791564128039721,-33.62030773491028,-25.433218065788502,-28.105015295382746
164,B,25.564700684835323,-25.564700684835323,-0.13148261904682101,0.055895623735907764,0.6517186761144517,0.29238570014964077,-33.62030773491028,-25.472662851502548,-28.105015295382746
165,C,28.21119256368999,-28.21119256368999,-0.1061772683072455,0.0563274650263848,0.6490279063134667,0.29464462866014846,-33.62030773491028,-25.472662851502548,-28.13686847587492
166,B,25.50173797746252,-25.50173797746252,-0.029075125959970194,0.05648574941532859,0.6508517232651115,0.29266252731955983,-33.62030773491028,-25.48138538929054,-28.13686847587492
167,C,30.192324073415936,-30.192324073415936,-2.055455597541016,0.05658198956484782,0.6502568461021961,0.2931611643329561,-33.62030773491028,-25.48138538929054,-28.753505155137226
168,C,27.799140481305397,-27.799140481305397,0.9543646738318294,0.05952937668411081,0.6841290847271325,0.2563415385887566,-33.62030773491028,-25.48138538929054,-28.467195752987678
169,C,26.445160472901176,-26.445160472901176,2.0220352800865022,0.05819148734924822,0.6687536674607522,0.27305484518999956,-33.62030773491028,-25.48138538929054,-27.860585168961727
170,B,25.275067621795394,-25.275067621795394,0.20631776749514685,0.05518395560384477,0.6341902291235952,0.31062581527256,-33.62030773491028,-25.419490059041998,-27.860585168961727
171,C,24.958847900678805,-24.958847900678805,2.901737268282922,0.054535741807721916,0.6384871835126732,0.3069770746796049,-33.62030773491028,-25.419490059041998,-26.99006398847685
172,B,21.566879701237745,-21.566879701237745,3.8526103578042523,0.04995893519086532,0.5849033819650217,0.36513768284411313,-33.62030773491028,-24.263706951700723,-26.99006398847685
173,B,24.624018943102488,-24.624018943102488,-0.3603119914017654,0.04021136357647269,0.6658935791285504,0.29389505729497695,-33.62030773491028,-24.371800549121254,-26.99006398847685
174,B,25.21752294444888,-25.21752294444888,-0.8457223953276269,0.041084293203217145,0.6586406195836797,0.30027508721310314,-33.62030773491028,-24.62551726771954,-26.99006398847685
175,B,24.60873345806052,-24.60873345806052,0.016783809659020932,0.043168105048914954,0.6413267347607593,0.3155051601903257,-33.62030773491028,-24.620482124821834,-26.99006398847685
176,C,29.24167085611808,-29.24167085611808,-2.251606867641229,0.0431262948148729,0.6416741258067014,0.3151995793784257,-33.62030773491028,-24.620482124821834,-27.66554604876922
177,B,19.873523446390514,-19.873523446390514,4.746958678431319,0.04577276477130783,0.6810508286525817,0.2731764065761105,-33.62030773491028,-23.196394521292437,-27.66554604876922
178,C,29.772718968380065,-29.772718968380065,-2.1071729196108464,0.03358237187931224,0.7659946971457228,0.20042293097496502,-33.62030773491028,-23.196394521292437,-28.29769792465247
179,B,26.95189809610702,-26.95189809610702,-3.7555035748145826,0.03478678074951039,0.793466574685599,0.17174664456489067,-33.62030773491028,-24.32304559373681,-28.29769792465247
180,B,25.693167971686808,-25.693167971686808,-1.370122377949997,0.045035355156377174,0.7326195192457392,0.2223451255978836,-33.62030773491028,-24.73408230712181,-28.29769792465247
181,C,30.441291069898632,-30.441291069898632,-2.143593145246161,0.04921854525605609,0.7077834015765255,0.24299805316741843,-33.62030773491028,-24.73408230712181,-28.940775868226318
182,B,24.465756040274336,-24.465756040274336,0.26832626684747396,0.05141043898642097,0.7393037561969422,0.20928580481663683,-33.62030773491028,-24.653584427067567,-28.940775868226318
183,B,24.54068647856345,-24.54068647856345,0.11289794850411639,0.050497889635766846,0.7439311858141701,0.20557092455006312,-33.62030773491028,-24.619715042516333,-28.940775868226318
184,B,23.704942639519295,-23.704942639519295,0.9147724029970377,0.05011712575731381,0.7458619943201005,0.2040208799225858,-33.62030773491028,-24.34528332161722,-28.940775868226318
185,B,24.76678772870699,-24.76678772870699,-0.42150440708977044,0.0471023377492006,0.7611496270474772,0.19174803520332226,-33.62030773491028,-24.471734643744153,-28.940775868226318
186,C,24.824391754064774,-24.824391754064774,4.116384114161544,0.04847583710428033,0.7541847745818178,0.19733938831390194,-33.62030773491028,-24.471734643744153,-27.705860633977856
187,B,26.962911095317946,-26.962911095317946,-2.491176451573793,0.04453488748127539,0.6928716672563986,0.26259344526232614,-33.62030773491028,-25.21908757921629,-27.705860633977856
188,B,22.35549996541936,-22.35549996541936,2.8635876137969305,0.05173439409069369,0.6432213237485841,0.3050442821607221,-33.62030773491028,-24.36001129507721,-27.705860633977856
189,C,30.53315557145596,-30.53315557145596,-2.8272949374781042,0.04350739295896774,0.6999576328305164,0.2565349742105159,-33.62030773491028,-24.36001129507721,-28.55404911522129
190,B,26.657921180873977,-26.657921180873977,-2.2979098857967664,0.04616824068096087,0.7427660050665938,0.2110657542524453,-33.62030773491028,-25.04938426081624,-28.55404911522129
191,B,25.683640133780123,-25.683640133780123,-0.6342558729638839,0.05360727010387115,0.701318221294502,0.24507450860162688,-33.62030773491028,-25.239661022705405,-28.55404911522129
192,B,28.65530620069217,-28.65530620069217,-3.4156451779867645,0.05577770264624158,0.6892252971247133,0.2549970002290453,-33.62030773491028,-26.264354576101436,-28.55404911522129
193,B,19.992955415866973,-19.992955415866973,6.271399160234463,0.0682215236012105,0.6198924889156552,0.31188598748313434,-33.62030773491028,-24.382934828031097,-28.55404911522129
194,B,23.08460113808635,-23.08460113808635,1.298333689944748,0.04640446363896749,0.74144984975535,0.2121456866056825,-33.62030773491028,-23.993434721047674,-28.55404911522129
195,A,41.547753424302634,-41.547753424302634,-7.927445689392357,0.04249869163886378,0.763211504955264,0.19428980340587207,-35.99854144172799,-23.993434721047674,-28.55404911522129
196,C,24.245058357681582,-24.245058357681582,4.308990757539707,0.021283208077112217,0.780122083558266,0.19859470836462184,-35.99854144172799,-23.993434721047674,-27.26135188795938
197,B,22.411727419949152,-22.411727419949152,1.5817073010985219,0.019452993617047918,0.7130367685638942,0.2675102378190577,-35.99854144172799,-23.51892253071812,-27.26135188795938
198,B,25.04837568562554,-25.04837568562554,-1.5294531549074222,0.01753970224906558,0.74126092184557,0.2411993759053645,-35.99854144172799,-23.977758477190346,-27.26135188795938
199,C,23.7617023483229,-23.7617023483229,3.4996495396364793,0.019387826885393724,0.7139980836327087,0.26661408948189763,-35.99854144172799,-23.977758477190346,-26.211457026068434
200,C,28.16306075617115,-28.16306075617115,-1.9516037301027147,0.017646074198528504,0.6498543253902215,0.3324996004112502,-35.99854144172799,-23.977758477190346,-26.796938145099247
